-229.91342163085938,120.98418426513672,5.316709995269775,21.17658233642578,5.105311870574951,1.0144038200378418,-1.9242866039276123,2.562816858291626,-0.3046146035194397,1.1394025087356567,-10.505440711975098,-8.73600959777832,-12.021978378295898,-6.2047553062438965,-8.731512069702148,-6.2317938804626465,-4.319309711456299,-1.618707299232483,-3.1296498775482178,2.4593923091888428,-3.1656856536865234,-7.445919036865234,-6.840680122375488,-2.2872872352600098,-1.803924560546875,3.384812831878662,-5.378208160400391,-2.5659303665161133,-2.1261186599731445,6.646171569824219,0.23124682903289795,-3.5875117778778076,-12.44567584991455,-9.020474433898926,-3.213660955429077,5.40250825881958,7.669418811798096,7.371361255645752,-2.970853090286255,-5.029677391052246,0.35654404759407043,0.6056200265884399,0.37373456358909607,0.3195438086986542,0.2934841215610504,0.5035163164138794,0.7198212146759033,0.41247719526290894,0.40390416979789734,0.3552209436893463,0.6093911528587341,0.40036123991012573,1.8238564729690552,8.683634757995605,23.68583869934082,12.152410507202148,5.704182147979736,10.144755363464355,21.66692543029785,11.412532806396484,20.63786506652832,14.245888710021973,16.297950744628906,15.479048728942871,6.064512252807617,14.616875648498535,8.799779891967773,1.5598105192184448,1.5397460460662842,8.206807136535645,2.438371181488037,0.7365912199020386,4.1885857582092285,4.317796230316162,2.164700508117676,4.548571586608887,2.1439807415008545,0.7496422529220581,3.150007486343384,13.457015991210938,30.213470458984375,6.003756999969482,1.3165539503097534,3.2249085903167725,1.516813039779663,0.548018217086792,3.030411958694458,11.151098251342773,5.503849506378174,0.8595921993255615,0.19112129509449005,0.13374875485897064,0.19641275703907013,0.880861222743988,2.0095815658569336,0.3252631723880768,0.21864363551139832,0.40075552463531494,1.5353327989578247,0.3864041268825531,0.06134166941046715,0.07339868694543839,0.22995953261852264,0.21142585575580597,0.3632832169532776,0.5772889256477356,0.09132121503353119,0.05659783259034157,0.13118089735507965,0.7279382348060608,0.08836938440799713,0.04090498387813568,0.049567531794309616,0.5029295086860657,0.4662414491176605,0.5274612903594971,0.43849977850914,0.05221731215715408,0.05015113577246666,0.10507392138242722,0.15607352554798126,0.051608625799417496,0.03850236535072327,0.032923176884651184,0.3737207353115082,0.17701147496700287,0.0326557382941246,0.021876899525523186,0.03741571307182312,0.043007221072912216,0.04641170799732208,0.11893533170223236,0.056363340467214584,0.047733042389154434,0.04893055930733681,0.04558468237519264,0.022898592054843903,0.011290431022644043,0.011036242358386517,0.013095110654830933,0.014513078145682812,0.01631510816514492,0.027487263083457947,0.029062096029520035,0.02813046984374523,0.02312915399670601,0.027088042348623276,0.011235740967094898,0.008198386058211327,0.005587528459727764,0.0068487850949168205,0.00890615675598383,0.009398238733410835,0.009205689653754234,0.009373391047120094,0.0086751040071249,0.0077226110734045506,0.008368276059627533,0.006401947699487209,0.005240715108811855,0.005508340895175934,0.00609900988638401,0.006613434292376041,0.005933955777436495,0.007604188285768032,0.009202481247484684,0.00962547492235899,0.008636039681732655,0.007478720974177122,0.0057244556955993176,0.004430980421602726,0.0035097894724458456,0.003503090003505349,0.0037917864974588156,0.003800348611548543,0.0041486723348498344,0.003856637515127659,0.002639203565195203,0.000939557736273855,9.417378896614537e-05,25.79756688368787,19.321158602699,22.902535925613336,23.124479851112746,21.950782675937617,21.431093156638727,33.05939366088369,-0.02323125703345229,-0.018678807893962972,-0.026313408768783162,-0.15906977062410976,0.0179557252094689,0.011153529920587815
-173.43258666992188,118.15567016601562,1.930923342704773,12.670144081115723,-2.316065549850464,-3.4715936183929443,-3.1259403228759766,-8.901796340942383,-4.6443705558776855,1.5666496753692627,-5.32542610168457,4.0098795890808105,-7.539475440979004,-0.7361533641815186,-7.219610214233398,0.5225929617881775,-0.9663374423980713,0.9297492504119873,1.3552160263061523,5.213590145111084,0.8016732335090637,-0.3418203592300415,-1.7803465127944946,-0.32041221857070923,-2.244577169418335,3.190762996673584,-3.1533069610595703,-0.7821780443191528,-3.543093204498291,2.9775195121765137,-1.7869325876235962,-0.3551740348339081,-4.537261009216309,0.5208324790000916,-0.29768505692481995,1.825817584991455,-0.5896522402763367,0.5322491526603699,-4.8278069496154785,-3.742382049560547,0.44809335470199585,0.581293523311615,0.5781785845756531,0.5058526396751404,0.5926916003227234,0.5007403492927551,0.6448400616645813,0.5329357385635376,0.44215327501296997,0.5412688255310059,0.47435957193374634,0.5695456862449646,13.146113395690918,200.68997192382812,314.11199951171875,63.68839645385742,23.390594482421875,19.415220260620117,14.550859451293945,12.682368278503418,15.697125434875488,13.87341022491455,15.920764923095703,17.68117332458496,20.781206130981445,19.01875114440918,16.31369400024414,6.789280891418457,18.452001571655273,8.693516731262207,14.463150024414062,5.374876976013184,8.284100532531738,12.714526176452637,13.667058944702148,5.442607402801514,9.051128387451172,10.544244766235352,3.2950379848480225,9.485934257507324,16.868911743164062,8.306856155395508,5.143586158752441,1.5320137739181519,1.0743240118026733,2.539872646331787,1.4048840999603271,1.3117235898971558,0.9398880004882812,3.6119930744171143,2.6684248447418213,1.0339748859405518,0.7332573533058167,1.6826790571212769,3.670006036758423,1.4357273578643799,1.90505051612854,0.8158254623413086,0.9779542088508606,0.7800544500350952,2.8414881229400635,1.5004854202270508,1.0853359699249268,0.7476967573165894,1.6703197956085205,2.0008840560913086,0.648088812828064,0.8306425213813782,0.5388489365577698,0.5933435559272766,0.33167195320129395,0.702034592628479,0.3541503846645355,0.49963700771331787,0.3244149684906006,0.6479634642601013,0.5904116630554199,0.2715591490268707,0.21057116985321045,0.3632923662662506,0.6053236722946167,0.35051754117012024,0.3696340322494507,0.3279454708099365,0.30434751510620117,0.1978677362203598,0.34387558698654175,0.23809245228767395,0.1678510457277298,0.15919004380702972,0.21833312511444092,0.3200919032096863,0.23312906920909882,0.15591341257095337,0.11864534020423889,0.17384006083011627,0.11220810562372208,0.1260615885257721,0.09075817465782166,0.09116613119840622,0.09820317476987839,0.08314995467662811,0.09328966587781906,0.11179169267416,0.057613715529441833,0.0706542357802391,0.09922903776168823,0.061163704842329025,0.05510881915688515,0.06678410619497299,0.05464216321706772,0.038587842136621475,0.031092485412955284,0.02799224480986595,0.0354357585310936,0.04679955914616585,0.03173132613301277,0.031555213034152985,0.024029377847909927,0.028299832716584206,0.026678629219532013,0.01456441543996334,0.018820540979504585,0.01677420735359192,0.015973182395100594,0.021354662254452705,0.020170018076896667,0.018713274970650673,0.018412556499242783,0.014286402612924576,0.012984530068933964,0.011503946967422962,0.009948505088686943,0.009543734602630138,0.009537429548799992,0.008235800080001354,0.0077421232126653194,0.005828189197927713,0.0018170438706874847,0.0001285183388972655,21.513936024110162,17.52102649358395,21.260074445749858,21.045439744288483,20.407210958665303,20.30911621059499,33.714311120207356,0.028468565306522937,-0.013966295967540787,-0.001978056487983741,-0.03381626146716277,-0.0012399465167872933,-0.000982148964939808
-244.3761444091797,103.3486557006836,16.187074661254883,46.76361846923828,4.200030326843262,12.343250274658203,-0.11062996089458466,-0.5952638983726501,-10.123491287231445,-0.06273190677165985,-5.67592191696167,-5.574183464050293,-10.388790130615234,-7.367900371551514,-8.323891639709473,-6.28802490234375,-5.307397842407227,-4.026003360748291,-10.195626258850098,-10.713711738586426,-11.558280944824219,-11.063763618469238,-11.160316467285156,0.0601499080657959,-4.617459297180176,-1.3891772031784058,-5.512201309204102,-5.905602931976318,-9.057332992553711,-5.005393028259277,-2.0523366928100586,4.641997814178467,1.0778214931488037,1.9792150259017944,-5.277292728424072,-3.2284414768218994,-2.9121227264404297,0.011524515226483345,-0.15661023557186127,1.2257165908813477,0.32191094756126404,0.43723705410957336,0.35354042053222656,0.35015082359313965,0.5149210691452026,0.435829222202301,0.5030999779701233,0.38517266511917114,0.5276942253112793,0.687260627746582,0.4566051959991455,0.40028128027915955,0.009008941240608692,0.11383379250764847,3.4430854320526123,17.649965286254883,6.242344379425049,23.223634719848633,45.093475341796875,82.55210876464844,51.68467330932617,31.128711700439453,26.745403289794922,6.975192546844482,4.0713210105896,3.4718854427337646,0.896498441696167,3.4194719791412354,3.868724822998047,2.2478129863739014,4.082927703857422,1.5951005220413208,4.274839401245117,2.7828867435455322,0.8408865332603455,1.041841745376587,2.9735703468322754,0.3937000632286072,0.7502487301826477,2.8584043979644775,0.6365643739700317,0.35636746883392334,2.5878078937530518,2.2500250339508057,4.658444404602051,0.954552412033081,0.1071731448173523,0.10287069529294968,0.6376264691352844,0.3528023660182953,0.050640787929296494,0.05689568072557449,0.35444319248199463,0.37224990129470825,0.3463163375854492,0.24987375736236572,0.1556471437215805,0.21939755976200104,0.08871948719024658,0.2293265014886856,0.1182880774140358,0.14764408767223358,0.04948899894952774,0.2158937007188797,0.16672967374324799,0.10677462071180344,0.025259263813495636,0.05618952214717865,0.10613059997558594,0.05837696045637131,0.10961354523897171,0.025857284665107727,0.020030146464705467,0.05401232838630676,0.11414787173271179,0.056364089250564575,0.05276809260249138,0.01247185468673706,0.05001033470034599,0.08440804481506348,0.03383205458521843,0.031201882287859917,0.02589959278702736,0.064546138048172,0.02130383439362049,0.054157815873622894,0.047021813690662384,0.10143782198429108,0.04090184345841408,0.10420073568820953,0.08481783419847488,0.11984648555517197,0.028934193775057793,0.08751966804265976,0.13064691424369812,0.04184496030211449,0.08252003788948059,0.05413035675883293,0.06782752275466919,0.07052351534366608,0.058365363627672195,0.0413520373404026,0.05879756063222885,0.04291423782706261,0.02716098725795746,0.06808649748563766,0.01792839728295803,0.026681508868932724,0.018668238073587418,0.019476281479001045,0.016992632299661636,0.02426588535308838,0.030613567680120468,0.01809992827475071,0.018195627257227898,0.016253149136900902,0.015627043321728706,0.021419303491711617,0.018066957592964172,0.01418029610067606,0.01909029670059681,0.016388140618801117,0.021668177098035812,0.021523788571357727,0.024869289249181747,0.019700204953551292,0.018720341846346855,0.011337291449308395,0.007645050063729286,0.004983771126717329,0.0037702233530580997,0.002905204426497221,0.0035886268597096205,0.004752716980874538,0.0058993203565478325,0.0050470889545977116,0.004086560104042292,0.0024220915511250496,0.0006486856145784259,4.301920489524491e-05,26.103390881788684,22.052307514005683,23.476990081487997,22.216514457374885,22.654093027644993,22.862082105108488,36.44050945791321,0.027127798733699065,-0.028340747576885785,-0.1060250565058457,0.0031210559453420023,0.007325914089382002,0.028575413249685967
-201.2992401123047,104.83609008789062,18.461328506469727,5.543384075164795,13.979060173034668,12.77993392944336,3.2817420959472656,9.56794261932373,-5.376584053039551,6.3280158042907715,-5.291650772094727,2.976475238800049,-9.653345108032227,-8.603367805480957,-6.3166890144348145,-4.554654121398926,-14.177350997924805,-5.482724189758301,-4.500850677490234,-1.5019348859786987,-10.233353614807129,-3.8477718830108643,-11.941811561584473,-7.906863689422607,-9.232406616210938,-3.1661107540130615,-4.786167621612549,4.353560447692871,-4.480628490447998,-4.050058364868164,-10.78388786315918,-10.914857864379883,-6.8602375984191895,4.591433525085449,-2.102348566055298,2.130729913711548,-7.478208065032959,-4.328395366668701,-8.558150291442871,-1.5624520778656006,0.42829540371894836,0.38830330967903137,0.5661084651947021,0.4374040961265564,0.4407832622528076,0.3753006160259247,0.6026027202606201,0.6337481737136841,0.41711708903312683,0.400966614484787,0.3660105764865875,0.5735462307929993,0.02152458019554615,1.430851697921753,38.63539505004883,31.214696884155273,22.5924072265625,25.723493576049805,18.499067306518555,28.51110076904297,9.412824630737305,13.880910873413086,11.03200912475586,15.154584884643555,8.943177223205566,4.596865653991699,11.258211135864258,4.545318126678467,1.8054754734039307,1.7106761932373047,4.895794868469238,5.9790778160095215,2.1133320331573486,1.092064380645752,9.363334655761719,3.730272054672241,2.828213930130005,8.494949340820312,1.9604804515838623,3.3417816162109375,15.158397674560547,10.269180297851562,9.802022933959961,0.8597191572189331,0.2976798415184021,2.982015609741211,6.421480178833008,2.818627119064331,1.4797333478927612,6.840447425842285,17.584775924682617,3.43109130859375,0.9221854209899902,0.898223876953125,2.512183904647827,1.9101617336273193,4.03659200668335,3.627385377883911,1.3041738271713257,1.074578881263733,6.104911804199219,9.964055061340332,0.8921831250190735,0.6136687994003296,1.2297024726867676,3.6493494510650635,1.0082366466522217,0.4962475597858429,0.2505384087562561,0.32797470688819885,0.11468526721000671,0.18019123375415802,0.15964895486831665,0.05951075628399849,0.03233128413558006,0.0928708016872406,0.1348225325345993,0.06242475286126137,0.06968220323324203,0.04643053933978081,0.13231636583805084,0.20604395866394043,0.27308645844459534,0.09880123287439346,0.04757233336567879,0.03258628025650978,0.06257493048906326,0.0925043374300003,0.03280441835522652,0.009578311815857887,0.00613714475184679,0.031190788373351097,0.007772410288453102,0.008250875398516655,0.014811168424785137,0.04971747845411301,0.032714907079935074,0.04233728349208832,0.08141414821147919,0.060946546494960785,0.019176512956619263,0.012161272577941418,0.014172188006341457,0.008052785880863667,0.011118531227111816,0.015666838735342026,0.023514043539762497,0.025330835953354836,0.024256978183984756,0.02211620658636093,0.02017638459801674,0.015233092941343784,0.011323181912302971,0.01866055279970169,0.02113889344036579,0.029473233968019485,0.03512091934680939,0.03512514382600784,0.014526774175465107,0.01044527068734169,0.01721321977674961,0.04195050150156021,0.06604588031768799,0.06158564239740372,0.035561975091695786,0.021332997828722,0.021308228373527527,0.033753495663404465,0.04061773791909218,0.030513225123286247,0.01995701715350151,0.017987335100769997,0.023797638714313507,0.02751639299094677,0.020833387970924377,0.013420983217656612,0.01005774736404419,0.008158912882208824,0.0029330486431717873,0.00019819464068859816,27.065589610408164,21.462975938342947,23.587755458042597,22.494605043847336,22.938487839370616,20.701469349317684,33.94216430536153,0.031756333954079306,0.005175155080531442,0.1254816988048874,0.0032072806195581572,0.0042317185141014044,-0.020442409087182475
-92.40962982177734,114.88481140136719,1.5848097801208496,23.967533111572266,6.022493362426758,5.693661689758301,-2.533686637878418,6.019720077514648,-1.8206372261047363,0.40457528829574585,-5.640349388122559,-0.01363016851246357,-2.5605084896087646,0.7945787310600281,-3.636000871658325,0.6334440112113953,-4.334150314331055,0.897308349609375,-4.779204845428467,0.41043904423713684,-2.843219757080078,-0.01383043173700571,-7.811592102050781,-3.006741762161255,-2.7596144676208496,3.847153902053833,-1.4449397325515747,0.035588085651397705,-7.50583028793335,-0.643390417098999,-2.1794261932373047,2.124788284301758,-1.5095669031143188,-2.487788438796997,-7.536091327667236,-4.409207820892334,-5.569609642028809,0.03961336985230446,-1.401184320449829,2.374267816543579,0.714107096195221,0.47572508454322815,0.5154639482498169,0.45147088170051575,0.6337875127792358,0.6135292649269104,0.4719125032424927,0.5472172498703003,0.4633728861808777,0.6395391225814819,0.5077250599861145,0.49877747893333435,18.491008758544922,91.72307586669922,289.19439697265625,173.90870666503906,74.41095733642578,48.94621658325195,63.08465576171875,50.50117492675781,50.19715118408203,75.60033416748047,47.13067626953125,28.014339447021484,44.414039611816406,28.547883987426758,32.12987518310547,22.20918083190918,54.574462890625,32.00421142578125,12.286928176879883,65.63853454589844,35.632328033447266,15.19864559173584,29.53496742248535,8.14281940460205,21.31805992126465,29.601268768310547,19.536293029785156,7.82532262802124,7.840788841247559,29.24886703491211,24.66819953918457,8.156617164611816,15.097437858581543,35.34171676635742,21.184833526611328,7.491580486297607,5.304473876953125,8.274702072143555,8.434349060058594,20.985595703125,21.623865127563477,5.9970502853393555,4.183338642120361,4.907759189605713,7.978831768035889,2.5630922317504883,2.033281087875366,4.855624198913574,10.207792282104492,5.727900981903076,5.181856632232666,4.04833984375,3.525290012359619,2.730018138885498,3.8074467182159424,3.6655125617980957,0.9603890776634216,0.5973923206329346,0.7154648303985596,1.821450114250183,2.1708757877349854,2.169072389602661,0.602697491645813,0.9023770093917847,0.7129741907119751,1.6377713680267334,1.2071720361709595,0.6074367761611938,0.5334014892578125,0.8079791069030762,1.4968085289001465,0.8992854952812195,0.6502209901809692,0.47784343361854553,0.9501145482063293,0.6448240876197815,0.5223731994628906,0.6001020073890686,0.7724606990814209,0.5469032526016235,0.49494171142578125,0.6823235750198364,0.4338116943836212,0.28437381982803345,0.22436106204986572,0.41761401295661926,0.3320683240890503,0.2861768901348114,0.19001135230064392,0.2507486343383789,0.2047656625509262,0.2087581306695938,0.2516288161277771,0.18404650688171387,0.14518272876739502,0.14065109193325043,0.16184334456920624,0.13642551004886627,0.13369479775428772,0.14704498648643494,0.18112818896770477,0.19395337998867035,0.22027966380119324,0.2507031261920929,0.23765769600868225,0.2071772664785385,0.16541995108127594,0.1422947496175766,0.11770199984312057,0.1040433719754219,0.10160543024539948,0.11811023950576782,0.14406654238700867,0.17454685270786285,0.19819588959217072,0.1837531477212906,0.15141840279102325,0.1250530183315277,0.115024134516716,0.11540132761001587,0.12904974818229675,0.12196294963359833,0.11690042167901993,0.10044900327920914,0.0789765864610672,0.04730238765478134,0.015451891347765923,0.0012547523947432637,22.23703731326614,16.883127121493626,20.83497162194591,21.32168133549586,20.309939429100694,18.933058009339387,31.977364354315313,0.011814747170218461,0.026949687680753096,-0.12539369897013264,0.05636851609984494,-0.010399894374201068,0.006524627038911034
-228.4349822998047,114.07646942138672,16.696752548217773,41.766876220703125,16.011516571044922,7.723813533782959,-0.7225658297538757,-6.796736240386963,-11.222513198852539,-10.83996868133545,-10.528009414672852,-2.308466672897339,-7.740244388580322,-8.924944877624512,-11.440643310546875,-7.020010471343994,-8.64428424835205,-4.334630012512207,-11.085247993469238,-5.800931930541992,-9.353555679321289,-7.073269844055176,-6.0899481773376465,0.2422429472208023,-11.727569580078125,-8.608895301818848,-8.678094863891602,-0.12510418891906738,5.997867107391357,5.649905204772949,-4.451155662536621,-2.302767515182495,-7.237695217132568,-6.541616439819336,-6.10753870010376,-3.9293203353881836,-6.172937393188477,-6.4982500076293945,-8.668214797973633,-3.9812159538269043,0.32897597551345825,0.2835923433303833,0.531595766544342,0.6895597577095032,0.4277803599834442,0.4145909547805786,0.3116133511066437,0.38393375277519226,0.35479646921157837,0.39159509539604187,0.6872676014900208,0.3901834189891815,0.054837971925735474,0.2432510256767273,6.973488807678223,29.113887786865234,32.26475524902344,73.65833282470703,53.88246154785156,43.523643493652344,58.82085418701172,18.09444236755371,16.465715408325195,74.29894256591797,21.66064453125,13.641968727111816,19.83356475830078,17.29106903076172,9.216200828552246,32.270118713378906,9.641555786132812,7.534793853759766,4.470290660858154,7.493549346923828,11.538557052612305,10.222350120544434,2.777315378189087,3.7831344604492188,8.1997652053833,2.7426044940948486,2.651822566986084,6.676311016082764,5.464640140533447,4.588527679443359,1.3322964906692505,0.8890662789344788,0.9525269269943237,2.2164323329925537,1.5701844692230225,0.8535605669021606,1.3240214586257935,2.075310707092285,1.15012526512146,0.4537416994571686,0.5200029611587524,1.4341062307357788,1.6465685367584229,0.6222249269485474,0.9312523007392883,0.2277076244354248,0.2223302274942398,0.36940568685531616,1.9124584197998047,1.2290955781936646,0.32703277468681335,0.18283814191818237,0.3476989269256592,0.5865158438682556,0.6237486600875854,0.29814544320106506,0.14870618283748627,0.2620593011379242,0.14353984594345093,0.38027894496917725,0.189780130982399,0.2623463571071625,0.08378274738788605,0.2287958711385727,0.24699534475803375,0.09042954444885254,0.06436854600906372,0.12062384933233261,0.29143455624580383,0.1745195984840393,0.1475730538368225,0.12828180193901062,0.10472828149795532,0.10507136583328247,0.11685220152139664,0.08901505172252655,0.07870914041996002,0.06324441730976105,0.09921958297491074,0.12079699337482452,0.05681823194026947,0.03410879150032997,0.026486573740839958,0.035973139107227325,0.024063026532530785,0.03292898088693619,0.03811078518629074,0.04333782568573952,0.05925050377845764,0.07609251886606216,0.06180315837264061,0.057464491575956345,0.04898352921009064,0.04482339695096016,0.04642011970281601,0.03878205642104149,0.0437849722802639,0.050366394221782684,0.052523113787174225,0.038447510451078415,0.028940746560692787,0.02260442078113556,0.015800952911376953,0.015176435001194477,0.011107332073152065,0.011070030741393566,0.011762005276978016,0.012241659685969353,0.011107103899121284,0.01208938006311655,0.013614058494567871,0.016334284096956253,0.020212475210428238,0.019264688715338707,0.016590576618909836,0.01518944650888443,0.01755000837147236,0.02297145314514637,0.025260964408516884,0.021911853924393654,0.016529051586985588,0.01314440369606018,0.011623295955359936,0.009075196459889412,0.0031840915326029062,0.0002526689204387367,28.748243168791014,22.897153077793355,26.220300378438463,22.874387954151185,22.444711590688776,22.634449698811505,33.85545088015545,-0.03433216316896277,0.026865211325565307,0.0917448726044404,-0.08027090690449969,0.0015952934385041642,-0.0005980797525743732
-251.55422973632812,153.75802612304688,28.800504684448242,21.784622192382812,11.494874000549316,0.2647162675857544,9.338773727416992,-7.476479530334473,1.852988600730896,-2.647472620010376,-7.26727819442749,-0.9198474287986755,-9.890392303466797,-2.257316827774048,-6.2612738609313965,-1.3244348764419556,0.6315091848373413,-5.9337544441223145,-4.12778902053833,2.250706195831299,0.05878279730677605,0.9241275191307068,0.04099402576684952,-1.060483455657959,-5.365288734436035,0.3045690655708313,-2.378261089324951,2.508074998855591,-1.5249370336532593,3.598947763442993,2.3365073204040527,3.7884960174560547,-2.2468514442443848,-3.5868568420410156,-6.935977458953857,-3.0269250869750977,-1.3137121200561523,3.396514415740967,6.607113838195801,10.430540084838867,0.6162059903144836,0.391692578792572,0.3620372414588928,0.3371083438396454,0.49470260739326477,0.7412412762641907,0.411277174949646,0.3449917435646057,0.2953973114490509,0.4884270131587982,0.4590049088001251,0.4024796485900879,12.390174865722656,23.945276260375977,14.67137336730957,6.266069412231445,12.051946640014648,25.889053344726562,23.211536407470703,7.233309745788574,21.134618759155273,22.29256820678711,13.434966087341309,11.737693786621094,31.234962463378906,27.062358856201172,8.525636672973633,5.025912284851074,11.512590408325195,7.581888198852539,2.8047258853912354,13.110834121704102,5.121340274810791,1.331834077835083,2.6091578006744385,1.415680170059204,1.9969083070755005,4.340213775634766,9.49622631072998,2.26853609085083,0.9752026796340942,9.485639572143555,5.661738395690918,1.4167265892028809,8.83583927154541,23.74483871459961,9.273201942443848,5.83314323425293,1.6474905014038086,1.4090673923492432,2.3214802742004395,15.166903495788574,9.458873748779297,0.8087272644042969,0.5705963969230652,1.3043824434280396,1.5099564790725708,0.3636358678340912,0.1666099578142166,0.16194649040699005,0.49733683466911316,0.2722146511077881,0.9375040531158447,0.5127809047698975,0.2140311896800995,0.1965114176273346,0.782494068145752,0.6353707313537598,0.11011719703674316,0.08005043119192123,0.4502119719982147,0.5325745940208435,0.10556106269359589,0.23440280556678772,0.21319766342639923,0.5823336839675903,0.16697470843791962,0.3017007112503052,0.2654419243335724,0.06810737401247025,0.035573553293943405,0.04867403209209442,0.05181092396378517,0.06735803186893463,0.051425326615571976,0.03849306330084801,0.15109148621559143,0.028181733563542366,0.07113619148731232,0.057799529284238815,0.034838296473026276,0.04065213352441788,0.09953847527503967,0.05998970940709114,0.031194904819130898,0.013592857867479324,0.021703287959098816,0.024189550429582596,0.010876274667680264,0.01639433205127716,0.017075981944799423,0.01493746042251587,0.012409440241754055,0.015386211685836315,0.015911957249045372,0.015137388370931149,0.016277726739645004,0.013575021177530289,0.008637095801532269,0.007465298753231764,0.005631846375763416,0.006179796531796455,0.003968480508774519,0.0035590240731835365,0.0036718989722430706,0.004870779812335968,0.0034410194493830204,0.0039255935698747635,0.004933338612318039,0.003962870221585035,0.0030270011629909277,0.003343238029628992,0.0022606030106544495,0.0030834691133350134,0.0035324988421052694,0.003956093918532133,0.0047143916599452496,0.0035787629894912243,0.003726581810042262,0.0031331859063357115,0.0029001065995544195,0.0027537154965102673,0.0029497083742171526,0.003981844987720251,0.0037618076894432306,0.004385237116366625,0.007204758003354073,0.004520954564213753,0.0012787571176886559,8.236792200477794e-05,22.070337460233777,18.66380832832204,22.060775617082765,22.400691941046492,20.748893778728505,22.71469047855856,31.228839892485436,-0.005080701898225563,0.030459952722733913,-0.12178495859179049,0.047901249265815994,-0.00605984301491668,-0.0048852158259591735
-170.6488037109375,116.3193359375,-23.26993751525879,24.167436599731445,2.658250093460083,0.22379976511001587,-5.3696980476379395,2.859421968460083,-11.5276517868042,5.3226447105407715,-6.957653999328613,-5.365203857421875,-3.5650155544281006,-4.533016681671143,-7.921471118927002,-2.791471242904663,-11.830440521240234,1.7102476358413696,-10.313132286071777,-9.525190353393555,-8.459665298461914,-2.7932164669036865,-3.41615891456604,4.9011383056640625,3.0455026626586914,2.0741543769836426,-3.9842278957366943,-7.090869903564453,-8.798394203186035,2.6600680351257324,-0.6364925503730774,-2.812243700027466,-6.790780544281006,-2.449584484100342,0.08017557859420776,3.3755552768707275,-1.7598103284835815,-1.758296012878418,-6.448545455932617,-2.5569746494293213,0.3221738934516907,0.562143862247467,0.6339151859283447,0.34275004267692566,0.4023548662662506,0.3336491584777832,0.4511905610561371,0.36549732089042664,0.38847678899765015,0.5374577045440674,0.34820786118507385,0.4121445119380951,0.04575003311038017,2.951822280883789,13.195576667785645,11.460026741027832,5.642694473266602,7.089491844177246,14.7344970703125,16.993661880493164,12.648433685302734,16.00678062438965,33.46961975097656,12.53635311126709,7.470966815948486,4.645045280456543,6.494489669799805,2.9704253673553467,13.858110427856445,4.676782131195068,7.379983425140381,3.9101431369781494,18.20134162902832,45.87667465209961,75.1095199584961,13.381558418273926,7.853713512420654,20.573760986328125,3.4180617332458496,1.4193724393844604,3.9062159061431885,2.477569818496704,2.056055784225464,3.4261698722839355,3.309976100921631,7.625670433044434,6.107951641082764,0.6653540134429932,0.420000821352005,5.150008678436279,5.535038948059082,0.6941748857498169,0.21091152727603912,2.087070941925049,5.473228931427002,2.9859111309051514,8.419085502624512,3.3508598804473877,0.6811984181404114,0.623967707157135,6.444876194000244,6.334413051605225,1.1641908884048462,0.6260097622871399,1.420589566230774,2.148137331008911,0.6968868374824524,0.9035658836364746,0.697453498840332,1.9752975702285767,1.0153948068618774,3.0316901206970215,2.085080146789551,0.19497057795524597,0.2432955652475357,1.1040091514587402,1.157097339630127,0.5085239410400391,0.13722512125968933,0.2451493889093399,0.7345718145370483,0.5729668140411377,0.851356565952301,0.2716500163078308,0.23131662607192993,0.14646291732788086,0.47663813829421997,0.6115812063217163,0.2690439820289612,0.13441306352615356,0.22768259048461914,0.3371867835521698,0.12981869280338287,0.08045292645692825,0.0817946270108223,0.15096977353096008,0.09547975659370422,0.19476574659347534,0.17184826731681824,0.09332290291786194,0.10466010123491287,0.12284133583307266,0.08155322819948196,0.028973203152418137,0.0104244165122509,0.01224454678595066,0.028507841750979424,0.012026949785649776,0.015581760555505753,0.009443094953894615,0.010434288531541824,0.007608070038259029,0.010937721468508244,0.015456837601959705,0.011999642476439476,0.012211499735713005,0.013942158780992031,0.020180027931928635,0.00875125639140606,0.0063969651237130165,0.005941932555288076,0.0070215025916695595,0.0049224537797272205,0.004240451380610466,0.0037638461217284203,0.003433063393458724,0.003340980736538768,0.003339072223752737,0.0035923763643950224,0.003207178320735693,0.002945099025964737,0.002478359267115593,0.00248913187533617,0.0018847775645554066,0.0016362228197976947,0.0012269716244190931,0.0010988481808453798,0.0007542746607214212,0.00024317465431522578,1.8043478121398948e-05,22.56124095422538,19.338359249284064,24.058771008365362,23.07322545358043,23.097995965700168,22.950337951488354,36.17647950136641,0.03325109421439438,-0.013592252723248212,-0.0475697033014273,-0.09264777567070949,-0.0031882284065963052,-0.010237718615940895
-187.18218994140625,99.9585189819336,12.023635864257812,23.813838958740234,6.832409381866455,17.36400604248047,3.7020437717437744,10.22426700592041,-12.893760681152344,-2.1200942993164062,-9.578482627868652,-0.1493389904499054,-12.566752433776855,-8.01735782623291,-8.36763858795166,-7.054577827453613,-10.287004470825195,-1.107857346534729,-2.52567458152771,-0.8834149241447449,-4.853252410888672,1.2669851779937744,-6.795045852661133,-2.5743792057037354,-7.41610050201416,-0.413409948348999,-1.438321590423584,-2.2002010345458984,-10.474071502685547,-4.5711870193481445,-5.674774646759033,-5.735865116119385,-8.464249610900879,-4.310282230377197,-8.927945137023926,-0.5202190279960632,-1.7439720630645752,0.1807418018579483,-3.218987464904785,-2.5009889602661133,0.5679646134376526,0.7429217100143433,0.5313583612442017,0.4703928828239441,0.40451014041900635,0.5545772910118103,0.462636262178421,0.45064079761505127,0.5690894722938538,0.40838590264320374,0.391696572303772,0.38333138823509216,0.09427638351917267,0.5518069267272949,23.2705020904541,35.91617965698242,43.66802978515625,26.410415649414062,28.524301528930664,29.409671783447266,15.16974925994873,39.86222839355469,66.41297912597656,39.981014251708984,13.989459991455078,13.278302192687988,4.258157730102539,7.944401741027832,2.9460551738739014,1.9548243284225464,1.5004684925079346,2.9424729347229004,8.479453086853027,6.021979331970215,1.6695762872695923,3.078572988510132,0.8035877346992493,1.1774952411651611,2.634711265563965,3.9702396392822266,4.422849178314209,1.774393081665039,3.392622947692871,8.306201934814453,4.63808012008667,0.9938035607337952,2.9049432277679443,4.4471306800842285,1.5062930583953857,1.0846668481826782,0.9959090352058411,1.9586414098739624,2.756784439086914,5.021961688995361,4.9409589767456055,1.3580076694488525,0.8762765526771545,2.6659064292907715,3.128967046737671,1.026358723640442,1.0157674551010132,2.5485432147979736,5.393876075744629,2.604586362838745,1.1547795534133911,1.9317467212677002,4.177876949310303,1.2227907180786133,0.8210933208465576,1.1004374027252197,0.32421180605888367,0.16358324885368347,0.237193763256073,0.29668742418289185,0.16299548745155334,0.1475481241941452,0.06005881726741791,0.09415312111377716,0.15394435822963715,0.16277125477790833,0.20448678731918335,0.26167890429496765,0.31754809617996216,0.1643320620059967,0.1644696444272995,0.10405336320400238,0.07707064598798752,0.09096602350473404,0.2049342691898346,0.13468404114246368,0.08046286553144455,0.047675587236881256,0.048615712672472,0.021376589313149452,0.033270783722400665,0.028494395315647125,0.03054007515311241,0.05600545182824135,0.06887678802013397,0.0773918405175209,0.05703917145729065,0.03656464442610741,0.03600757196545601,0.04955071583390236,0.03281192481517792,0.024372443556785583,0.03867379203438759,0.05555935204029083,0.038517583161592484,0.029080959036946297,0.04164018854498863,0.041276395320892334,0.03861699625849724,0.03916575014591217,0.038712091743946075,0.04365990683436394,0.03317767754197121,0.03694048151373863,0.042667120695114136,0.04853341728448868,0.05418066307902336,0.07392209023237228,0.09238605201244354,0.09299538284540176,0.09003811329603195,0.10025101155042648,0.11020699143409729,0.11678493767976761,0.1279768943786621,0.1026272401213646,0.08200139552354813,0.06271546334028244,0.03958642855286598,0.022766882553696632,0.01680263690650463,0.01456482894718647,0.012079079635441303,0.006697359494864941,0.0013840756146237254,0.00010815644782269374,27.47232474220011,20.63388246330461,22.811826661796406,22.425137312028134,21.292776581471546,20.64583678888638,36.266470220863056,-0.0296953027963156,-0.004234749489975845,-0.16584778064840267,0.023341702589585914,0.007037640529714095,-0.012326076697105543
-265.815185546875,111.90029907226562,21.26104164123535,41.730690002441406,22.930206298828125,19.72223472595215,9.42221450805664,8.00348949432373,-3.347663640975952,7.859724521636963,-0.6474495530128479,9.662457466125488,-0.8751797080039978,2.5481438636779785,-2.0581536293029785,0.6683095693588257,-6.873734474182129,-5.0301947593688965,-6.3308820724487305,-1.5205154418945312,-3.050346851348877,-1.5304404497146606,2.2626724243164062,-1.9136885404586792,-6.304592132568359,3.737727642059326,0.7431781888008118,-0.4384526312351227,-3.1843554973602295,1.2367570400238037,3.255204916000366,2.5364880561828613,-4.239266395568848,-2.8177406787872314,-3.9506869316101074,-2.051689386367798,-3.502115488052368,-2.7792720794677734,-5.222692012786865,-3.0274622440338135,0.521435558795929,0.48529401421546936,0.5489399433135986,0.4344936013221741,0.45579639077186584,0.5365284085273743,0.4478776454925537,0.4715593159198761,0.4860745668411255,0.6267918348312378,0.6125819087028503,0.524116039276123,1.5927467346191406,52.8121452331543,156.16554260253906,118.0097885131836,24.256671905517578,6.361265659332275,4.577671527862549,11.542145729064941,11.771041870117188,8.267988204956055,2.78686785697937,1.1606744527816772,1.2901756763458252,0.6482183337211609,0.2797068655490875,1.0953843593597412,7.636397838592529,5.654008388519287,1.8372145891189575,3.913492441177368,3.472397565841675,3.4812591075897217,1.9155097007751465,0.3952026963233948,1.1910375356674194,2.4163453578948975,2.7386326789855957,0.7716953754425049,0.189047709107399,0.40566590428352356,0.5760161280632019,0.4281982481479645,0.2094905823469162,0.38948723673820496,0.4474226236343384,0.29530319571495056,0.2766725420951843,0.27715858817100525,0.747123658657074,0.8273690342903137,0.45841673016548157,0.17884573340415955,0.11503802984952927,0.11586102843284607,0.04925033450126648,0.0681074783205986,0.06505853682756424,0.17107124626636505,0.313059538602829,0.35417672991752625,0.35132259130477905,0.18966561555862427,0.08017857372760773,0.06815358251333237,0.08522801101207733,0.07851014286279678,0.12452321499586105,0.0993163213133812,0.13638122379779816,0.10391146689653397,0.07827167958021164,0.03092198446393013,0.019327033311128616,0.026826051995158195,0.02963201329112053,0.02526308409869671,0.03292957320809364,0.022695062682032585,0.022530628368258476,0.05706486478447914,0.0453597791492939,0.0279243066906929,0.013148240745067596,0.007922230288386345,0.014163650572299957,0.009602162055671215,0.008161019533872604,0.011800548061728477,0.012534009292721748,0.008979503065347672,0.015797894448041916,0.01920989528298378,0.009607791900634766,0.012138091027736664,0.015430602245032787,0.009887303225696087,0.0032689226791262627,0.007355276495218277,0.0074872118420898914,0.00911252573132515,0.009792488068342209,0.009136919863522053,0.008470476604998112,0.008384741842746735,0.008707340806722641,0.005996091291308403,0.003591917920857668,0.003492526011541486,0.0027961041778326035,0.002957649063318968,0.004330309573560953,0.003896184731274843,0.005800721701234579,0.00444317702203989,0.0036425788421183825,0.0032288397196680307,0.0052269999869167805,0.0059278858825564384,0.004742185119539499,0.0036540189757943153,0.006081359926611185,0.009345374070107937,0.009140871465206146,0.005956534296274185,0.005424227099865675,0.007483683992177248,0.009183834306895733,0.006325026508420706,0.002344171516597271,0.0019413040718063712,0.002087345812469721,0.0014891957398504019,0.00103280961047858,0.0009597779135219753,0.0008446690044365823,0.00047226788592524827,0.00012551705003716052,1.1617897143878508e-05,28.456011440342923,19.956302494782456,23.120029160800165,20.40079984622607,21.321362953367966,19.713075900787057,33.592768318051114,-0.0003832384908764546,0.011900946870041824,-0.012741103396887441,-0.03803369909947895,0.007570317703826401,0.000416074482414321
-173.357177734375,86.19158935546875,-12.129761695861816,34.972312927246094,3.383172035217285,-11.705723762512207,-7.563652992248535,-2.518559694290161,-13.33314037322998,-0.9630635380744934,-9.650189399719238,-5.15175724029541,-8.886765480041504,-5.77592658996582,-12.365559577941895,-6.907944202423096,-11.638723373413086,-6.713716506958008,-8.529377937316895,-7.060768127441406,-7.247529983520508,-0.6474832892417908,-7.506996154785156,-4.303776741027832,-7.643992900848389,-6.25204610824585,-7.268533706665039,-5.392987251281738,-3.6740074157714844,-2.633695602416992,-2.916402816772461,-2.3085196018218994,-7.809002876281738,-3.9893758296966553,-5.103281497955322,-2.8385274410247803,-3.9622769355773926,-2.8421151638031006,-3.5976738929748535,-0.30356261134147644,0.5934723615646362,0.5527060031890869,0.6189149618148804,0.5519542098045349,0.5702115893363953,0.6145579218864441,0.5001721978187561,0.5131202936172485,0.511131763458252,0.5881966352462769,0.6342514753341675,0.571313202381134,0.01887286826968193,0.04348581284284592,0.43019041419029236,9.717451095581055,30.555233001708984,23.423969268798828,32.80156707763672,18.516193389892578,16.57974624633789,18.822601318359375,8.870932579040527,5.510882377624512,9.612008094787598,8.084006309509277,11.212251663208008,7.83012580871582,9.331328392028809,10.810883522033691,8.417891502380371,17.497758865356445,10.470953941345215,16.421579360961914,16.146451950073242,5.364668846130371,10.265079498291016,13.387056350708008,11.302040100097656,5.990205764770508,5.450663089752197,7.168629169464111,2.6621901988983154,1.4618561267852783,2.402482748031616,2.6107475757598877,2.3482985496520996,1.1125413179397583,1.1552095413208008,1.1231482028961182,0.9348186254501343,0.9547168016433716,0.7121871709823608,0.7104493379592896,0.7262888550758362,0.782839298248291,0.9421288371086121,0.6168028712272644,0.5661109685897827,0.7444127202033997,1.0769199132919312,0.9387235641479492,0.7351435422897339,0.5159512162208557,0.5666617155075073,0.5594578981399536,0.7981051802635193,0.5930996537208557,0.40991389751434326,0.4114229083061218,0.5593035221099854,0.5649648904800415,0.4070572853088379,0.5262718796730042,0.4416099190711975,0.3060475289821625,0.2628566026687622,0.290512353181839,0.24010436236858368,0.22046153247356415,0.23161651194095612,0.31923940777778625,0.3350767493247986,0.35752779245376587,0.3443569540977478,0.37231093645095825,0.32606327533721924,0.2407122701406479,0.23387756943702698,0.23454032838344574,0.13436491787433624,0.16270563006401062,0.1583150327205658,0.14840491116046906,0.16397786140441895,0.17428499460220337,0.17416678369045258,0.16859963536262512,0.1341593712568283,0.0735761970281601,0.05580713599920273,0.045146651566028595,0.04279700666666031,0.04363315552473068,0.03606296703219414,0.02675645612180233,0.02267267368733883,0.028295209631323814,0.028815556317567825,0.028623919934034348,0.035219430923461914,0.04035039618611336,0.04088372737169266,0.03569900617003441,0.02434767596423626,0.020997188985347748,0.02183525077998638,0.022023849189281464,0.02198081649839878,0.02309964969754219,0.024541378021240234,0.02412298507988453,0.02113204635679722,0.01704549230635166,0.014301692135632038,0.01254848949611187,0.011943766847252846,0.010820715688169003,0.011122087948024273,0.012021353468298912,0.01519645843654871,0.016020923852920532,0.01675957627594471,0.014856780879199505,0.01262067910283804,0.012504784390330315,0.01238341722637415,0.009493879042565823,0.0034753475338220596,0.0002753229928202927,26.862534802774956,18.595833675898447,20.750151009306514,17.91625855705453,17.562623286294365,19.806827594489192,33.24346216975307,0.0010549451095524171,0.016896931339560432,-0.0034064038925069977,-0.040074470121830776,0.0020818976453208372,-0.004374949324702333
-97.27318572998047,102.14067840576172,11.55887222290039,28.066991806030273,0.2907589375972748,10.845311164855957,-0.3458973169326782,5.598424911499023,-11.169966697692871,1.413744568824768,-2.595221996307373,-0.478279709815979,-7.180089950561523,0.3103482723236084,-3.8623692989349365,-2.528881549835205,-3.901998519897461,-0.4253052771091461,-8.313697814941406,-0.9500716924667358,-4.303980350494385,3.5282833576202393,-2.8137829303741455,3.2616822719573975,-5.241138458251953,-1.2129677534103394,-4.06955099105835,-0.7810401320457458,-1.7544682025909424,4.528492450714111,-0.22338923811912537,2.2824838161468506,-3.173187732696533,-1.6017502546310425,-4.045658588409424,-1.1222975254058838,-3.8180434703826904,-2.5773367881774902,-2.917036294937134,-1.6017564535140991,0.5251645445823669,0.45560163259506226,0.6040691137313843,0.576101541519165,0.5308071374893188,0.5850917100906372,0.4681054949760437,0.5027211904525757,0.45553427934646606,0.6070162057876587,0.62895667552948,0.4750704765319824,13.916792869567871,119.5479965209961,288.6819152832031,185.88189697265625,100.2681884765625,78.90792846679688,79.4627914428711,64.4356918334961,125.14854431152344,117.54241180419922,76.12959289550781,74.4451904296875,36.443260192871094,28.33119773864746,18.240467071533203,13.050169944763184,42.0736083984375,80.27897644042969,19.30272102355957,16.943679809570312,9.814229011535645,12.6303129196167,29.6829833984375,17.702293395996094,8.688918113708496,13.59684944152832,35.284976959228516,11.135644912719727,1.6505043506622314,7.570748805999756,6.3181352615356445,1.8498460054397583,2.7824947834014893,11.141684532165527,6.196930408477783,9.517753601074219,4.34292459487915,1.901492714881897,1.2496894598007202,7.551043510437012,7.627191066741943,1.40032958984375,0.9782894253730774,4.038617134094238,8.585408210754395,3.747044324874878,7.275315284729004,1.8918192386627197,2.4516565799713135,2.0226848125457764,4.825308322906494,3.559889316558838,1.6265641450881958,1.2526758909225464,2.2077279090881348,2.288764476776123,1.0933901071548462,0.663476288318634,1.0890789031982422,2.2785415649414062,0.8602979183197021,1.1830676794052124,0.5675855278968811,0.37435439229011536,0.3855752944946289,0.685836911201477,0.8114333152770996,0.3997129201889038,0.2981947958469391,0.3590920567512512,0.7025856971740723,0.5321850180625916,0.6049589514732361,0.8920145630836487,0.9731109738349915,0.7371382117271423,0.9714129567146301,1.0290791988372803,0.8434503674507141,1.022753357887268,0.9112133979797363,0.671719491481781,0.4005577266216278,0.30910682678222656,0.28337380290031433,0.4923844337463379,0.3115701377391815,0.4796309769153595,0.3962819278240204,0.31541135907173157,0.24746766686439514,0.2658771872520447,0.270755797624588,0.20360061526298523,0.1920328587293625,0.18028490245342255,0.3060731589794159,0.2663663625717163,0.36545857787132263,0.19631758332252502,0.2029600888490677,0.1652749925851822,0.1672864705324173,0.17776328325271606,0.12943622469902039,0.14635634422302246,0.22634097933769226,0.22819013893604279,0.18077997863292694,0.1761058270931244,0.16895553469657898,0.15382778644561768,0.11883820593357086,0.1249641552567482,0.11431749910116196,0.08706483989953995,0.08259031921625137,0.07811340689659119,0.07174213975667953,0.0775565430521965,0.08300498872995377,0.08774739503860474,0.07320751994848251,0.05648046359419823,0.0446595698595047,0.033305056393146515,0.01037489715963602,0.0007846688386052847,22.96383540991906,16.22094670627888,19.799539861931546,19.43572518580981,18.7989820780637,18.11494919939843,34.43171689437836,-0.0019965826683896837,0.023114164929522715,-0.010077712668832957,-0.061440955247659704,0.0013536393972575563,0.0033917229301528152
-171.9491729736328,114.69623565673828,3.052563428878784,31.711763381958008,0.7144307494163513,10.121368408203125,-9.521974563598633,1.597295880317688,-2.6956968307495117,2.209031105041504,-8.623414993286133,-3.032458782196045,-11.618154525756836,-5.816188812255859,-10.840417861938477,-7.743122100830078,-15.433402061462402,-5.463107109069824,-13.610252380371094,-8.315176963806152,-10.292771339416504,-7.644834518432617,-8.445734977722168,-8.330144882202148,-9.904109954833984,-4.5635986328125,-7.284692764282227,-3.7363317012786865,-6.982959270477295,-4.291680335998535,-7.838724136352539,-3.3255627155303955,-3.7212374210357666,-2.630354404449463,-7.493018627166748,-8.094200134277344,-8.884525299072266,-3.2481837272644043,-2.6634860038757324,-1.0977634191513062,0.4706583321094513,0.36264118552207947,0.47721919417381287,0.45646727085113525,0.662036120891571,0.45419976115226746,0.42503583431243896,0.4992847144603729,0.4527073800563812,0.6286406517028809,0.43980973958969116,0.4944787919521332,0.009974719025194645,0.06168888509273529,8.28038215637207,80.32218170166016,52.09636306762695,97.67559051513672,77.5562744140625,33.45231628417969,19.668710708618164,20.178852081298828,13.194175720214844,12.2854585647583,17.036418914794922,2.86816668510437,8.446331024169922,5.291289329528809,12.70340347290039,5.22554349899292,9.00478458404541,13.995345115661621,9.76103687286377,9.48672103881836,30.577638626098633,5.951929569244385,7.738872051239014,10.072574615478516,9.755986213684082,6.495001316070557,5.905674934387207,12.802457809448242,12.964781761169434,4.009274959564209,3.7823240756988525,14.314803123474121,8.283921241760254,2.4501707553863525,1.8213238716125488,6.417948246002197,3.0057451725006104,2.397859573364258,1.7801817655563354,0.8495914936065674,0.8274063467979431,1.384735345840454,4.238736152648926,1.6707359552383423,0.836874783039093,0.9440311193466187,2.805823802947998,1.8774062395095825,0.7647628784179688,0.9047895073890686,1.5830789804458618,1.4066157341003418,2.134097099304199,2.71806263923645,1.1057668924331665,0.8792189359664917,0.6186352372169495,1.6925030946731567,0.8542327284812927,0.3417702913284302,0.18012647330760956,0.722141444683075,1.4112294912338257,0.8694232106208801,0.589846670627594,0.5071345567703247,0.36103400588035583,0.4763818383216858,0.9528442621231079,0.39545103907585144,0.39246973395347595,0.18574827909469604,0.4344464838504791,0.32491829991340637,0.22750167548656464,0.16183459758758545,0.142310231924057,0.12578831613063812,0.0832778736948967,0.13900205492973328,0.0924152061343193,0.08702357858419418,0.0681999921798706,0.16330181062221527,0.13721084594726562,0.07385894656181335,0.04903008043766022,0.09239742904901505,0.0715545266866684,0.023335833102464676,0.053201574832201004,0.055045049637556076,0.036249130964279175,0.023173291236162186,0.04927127808332443,0.03228852152824402,0.03484120965003967,0.016932178288698196,0.023960718885064125,0.030011359602212906,0.056641221046447754,0.029303669929504395,0.02657099813222885,0.041351307183504105,0.035290852189064026,0.04097979515790939,0.021262960508465767,0.016397487372159958,0.012981780804693699,0.013308432884514332,0.01265995018184185,0.014137913472950459,0.013568875379860401,0.01543381530791521,0.011627866886556149,0.010988245718181133,0.010023027658462524,0.009010275825858116,0.006927914917469025,0.005229458212852478,0.0053171622566878796,0.0032762635964900255,0.002546503907069564,0.001962768379598856,0.0006781089468859136,5.327925464371219e-05,28.56332788931275,19.074783077382943,22.67305562810254,22.826173024677434,23.141494774785546,23.003884952358167,38.261007858122305,0.036599053258684136,0.005266337098543121,-0.03236081422018342,0.07069159829000225,0.018692571393554527,0.0084956587963496
-156.24832153320312,88.26483917236328,23.212501525878906,27.499988555908203,7.419946670532227,5.942612171173096,-6.717018127441406,3.1290557384490967,-5.6428093910217285,-5.704809665679932,-5.5722198486328125,0.38418442010879517,-6.836103439331055,-1.6851451396942139,-4.164207458496094,-5.398138999938965,-11.962397575378418,1.008461833000183,-6.465662479400635,-1.1097605228424072,0.9302650690078735,0.4428520202636719,-14.259148597717285,-2.061728000640869,-1.50083327293396,3.905306100845337,0.8665458559989929,3.5889885425567627,-4.816512107849121,-6.673468589782715,-7.890115261077881,0.38033393025398254,-4.478403091430664,-3.8770928382873535,-9.752152442932129,-2.5195043087005615,-0.6698835492134094,2.484912395477295,1.0530506372451782,3.6464955806732178,0.7777884006500244,0.47299477458000183,0.4778132736682892,0.3822263777256012,0.5381150841712952,0.612027108669281,0.44486376643180847,0.606147825717926,0.3878301680088043,0.45176419615745544,0.41634246706962585,0.46962594985961914,1.1752384901046753,16.564260482788086,28.936756134033203,27.41742515563965,19.070960998535156,14.2134370803833,34.075584411621094,29.55811882019043,11.548646926879883,29.259414672851562,17.714895248413086,6.366506099700928,11.951594352722168,12.155807495117188,13.822240829467773,5.620168685913086,5.791713237762451,5.947350025177002,1.8781113624572754,15.545241355895996,8.596598625183105,3.8964784145355225,7.13328218460083,0.9333564043045044,2.4666717052459717,3.4897263050079346,7.961143493652344,1.9139593839645386,0.7251260876655579,7.418179988861084,4.84963321685791,0.5297420024871826,0.960723340511322,2.8789992332458496,0.8504776954650879,0.8560090065002441,0.5185405015945435,0.9027338624000549,0.43114548921585083,2.480504035949707,2.16018009185791,0.5970985293388367,0.43441495299339294,0.7520328760147095,1.143599033355713,0.15561658143997192,0.06987488269805908,0.4179956614971161,1.2395204305648804,0.4276160001754761,0.5418586730957031,0.3318588435649872,0.2565079927444458,0.17241710424423218,0.5212428569793701,0.906099259853363,0.17722785472869873,0.07855517417192459,0.11222497373819351,0.29746782779693604,0.15583015978336334,0.20469124615192413,0.08321017771959305,0.1995503306388855,0.1423659771680832,0.20744924247264862,0.3401930630207062,0.056537412106990814,0.062138091772794724,0.11309000849723816,0.2051573097705841,0.18193556368350983,0.2035788744688034,0.1055339053273201,0.3549825847148895,0.15194056928157806,0.10792204737663269,0.16308006644248962,0.09050076454877853,0.03520868346095085,0.04206134378910065,0.055760495364665985,0.020758777856826782,0.019487252458930016,0.02931840345263481,0.04754498228430748,0.07244113832712173,0.06604614853858948,0.03089931793510914,0.06497836858034134,0.04901055991649628,0.04029437154531479,0.09880594909191132,0.03617232292890549,0.03714147210121155,0.03984639048576355,0.053583212196826935,0.04743552207946777,0.07121355831623077,0.053357090801000595,0.06958086788654327,0.068039670586586,0.05306318402290344,0.04846407100558281,0.046015989035367966,0.049565549939870834,0.04828181117773056,0.04862450435757637,0.04348368942737579,0.045513782650232315,0.04751075804233551,0.04361768066883087,0.03964634984731674,0.03727513924241066,0.0340731181204319,0.04164545610547066,0.03997189179062843,0.04564733803272247,0.04660272225737572,0.04580983147025108,0.03261254355311394,0.03184067830443382,0.039186980575323105,0.03361285477876663,0.03719836100935936,0.02642522007226944,0.0089091332629323,0.0006394008523784578,24.545165673716156,20.205271243770873,24.19119517276591,23.4572255398173,22.758685038435093,19.750668761740055,32.29375144457682,0.005852597571968284,0.043637608508690445,-0.023040520444358586,0.06624659071192339,0.0038932640142578506,-0.0017292948723535244
-181.33303833007812,105.54727172851562,10.17889404296875,19.609485626220703,6.672073841094971,3.782773494720459,-3.7966034412384033,9.951494216918945,-4.9126482009887695,10.214836120605469,-4.442783832550049,-3.7682600021362305,-10.102310180664062,-7.693884372711182,-3.0773816108703613,0.6797539591789246,-1.5391656160354614,0.1415678858757019,1.4573320150375366,1.4434088468551636,-1.875196099281311,1.6622174978256226,-5.972597599029541,-7.674150466918945,-5.8104400634765625,-2.220578193664551,-1.655901312828064,-0.34762388467788696,-5.774582386016846,-2.3536770343780518,1.3853271007537842,4.287167549133301,-2.194667339324951,-2.9733989238739014,-9.61030101776123,-5.1628618240356445,-4.059478282928467,3.3867788314819336,1.6519265174865723,2.5851023197174072,0.4897104799747467,0.3483625054359436,0.3362739682197571,0.3284626603126526,0.5167707800865173,0.62540203332901,0.4191916882991791,0.5390418767929077,0.47419264912605286,0.6198786497116089,0.4645392894744873,0.38117849826812744,22.104196548461914,85.08283996582031,78.58721923828125,85.06856536865234,38.84354019165039,11.31509780883789,14.358179092407227,18.2856388092041,19.496023178100586,13.384818077087402,6.2043657302856445,3.651553153991699,16.04288673400879,16.073617935180664,17.44580841064453,10.867838859558105,36.53308868408203,18.41497039794922,4.102913856506348,20.598724365234375,12.282544136047363,5.5836501121521,10.401188850402832,2.0597989559173584,10.020347595214844,17.583921432495117,36.64159393310547,10.845088958740234,1.4963380098342896,17.98676872253418,15.718240737915039,2.3037006855010986,6.621692180633545,47.71181106567383,14.255996704101562,4.101831436157227,1.7099181413650513,1.666972041130066,1.3980351686477661,11.202872276306152,10.018180847167969,0.5691327452659607,0.32247602939605713,0.7526455521583557,2.050574541091919,0.39248979091644287,0.2853441834449768,0.6147691607475281,3.782346725463867,1.602893352508545,3.7257325649261475,2.415982484817505,0.35179293155670166,0.27903300523757935,1.0260674953460693,1.8631680011749268,0.5657649040222168,0.5587711334228516,0.5380637645721436,1.2044755220413208,0.32091009616851807,0.3228388726711273,0.1469925493001938,0.47282058000564575,0.32136696577072144,0.29677218198776245,0.4598813056945801,0.2865315079689026,0.25701019167900085,0.23383469879627228,0.42589953541755676,0.21824905276298523,0.25162068009376526,0.12704803049564362,0.3628426790237427,0.17304371297359467,0.17948198318481445,0.1383705735206604,0.07107409089803696,0.05912187322974205,0.1618686318397522,0.3131115734577179,0.16186460852622986,0.16551761329174042,0.11309734731912613,0.2214990258216858,0.1029154434800148,0.05682075023651123,0.04941701889038086,0.06754861027002335,0.07032990455627441,0.05332015082240105,0.05023443326354027,0.04822373390197754,0.043691638857126236,0.036373768001794815,0.03563295677304268,0.031083911657333374,0.02986646071076393,0.026988059282302856,0.025340063497424126,0.027537884190678596,0.02733883447945118,0.034499868750572205,0.03527272865176201,0.03233276307582855,0.0343460775911808,0.04148605838418007,0.0452302061021328,0.051560647785663605,0.04092239588499069,0.03792843967676163,0.03423382714390755,0.03743483126163483,0.03812117874622345,0.038146328181028366,0.03506321832537651,0.02987535670399666,0.026975100859999657,0.023600174114108086,0.017805231735110283,0.015981627628207207,0.014212088659405708,0.01447388157248497,0.013572799041867256,0.010885823518037796,0.00387823604978621,0.0003817112010437995,25.35480765502462,18.241678836527967,22.79132651852026,21.841133236757646,20.395202766765447,21.34086451310606,33.98115627256429,0.00875992796129103,0.025869111718183794,-0.10310135336001602,-0.013566089341423273,0.010039973176836347,-0.0010237726527264348
-273.7002868652344,114.3382797241211,8.418984413146973,39.83064651489258,14.525949478149414,10.572891235351562,-4.908195495605469,-4.982606887817383,-10.304780960083008,-4.390374660491943,-12.635395050048828,-4.56585168838501,-14.425463676452637,-7.110702037811279,-7.490548610687256,-10.758513450622559,-11.796525001525879,-0.10542012006044388,-10.783941268920898,-7.570192813873291,-3.078165292739868,-2.993166923522949,-10.359501838684082,-1.156040906906128,-4.772324085235596,-0.7953643798828125,0.2305411398410797,1.0877820253372192,2.244692325592041,4.780895233154297,-3.224905014038086,-2.102813482284546,-1.2249492406845093,1.7909046411514282,3.133270025253296,1.9814294576644897,-1.553925633430481,-1.442055583000183,-1.296413540840149,3.014554500579834,0.4784046411514282,0.42390337586402893,0.5381902456283569,0.4605945646762848,0.5292102694511414,0.38396984338760376,0.44735750555992126,0.5069051384925842,0.4142782390117645,0.49986258149147034,0.44576066732406616,0.5646096467971802,0.0865822434425354,0.025949234142899513,0.13681860268115997,1.2088277339935303,3.4973268508911133,12.516783714294434,17.179405212402344,22.532407760620117,17.221986770629883,14.926969528198242,7.9538726806640625,5.69978141784668,3.9218697547912598,1.2061231136322021,2.3549036979675293,1.3844218254089355,2.6444714069366455,1.4248982667922974,3.1428983211517334,2.0973892211914062,0.7001067996025085,1.2605458498001099,1.6847565174102783,0.5760232210159302,1.385211706161499,1.3355727195739746,0.40765246748924255,1.2300126552581787,1.3723673820495605,1.6664869785308838,0.5490639805793762,0.1872645616531372,0.22777442634105682,0.4618683159351349,0.2976389229297638,0.12559397518634796,0.14224454760551453,0.4323878586292267,0.2648138105869293,0.1996559500694275,0.11367053538560867,0.1614835560321808,0.13501186668872833,0.14020247757434845,0.17235471308231354,0.24886660277843475,0.2500298023223877,0.45537179708480835,0.4235527217388153,0.1681823581457138,0.0848858579993248,0.09232298284769058,0.30684930086135864,0.33220091462135315,0.25350016355514526,0.1348302811384201,0.06697454303503036,0.12676209211349487,0.2537756860256195,0.21213996410369873,0.15322574973106384,0.07490503787994385,0.054955706000328064,0.10496731847524643,0.08429717272520065,0.0679420679807663,0.058794714510440826,0.052130237221717834,0.04421781003475189,0.05099068582057953,0.06878933310508728,0.05947234854102135,0.04963326454162598,0.04710003733634949,0.07955656945705414,0.07268691062927246,0.042452629655599594,0.0406680591404438,0.03868352994322777,0.015712693333625793,0.011415921151638031,0.010739816352725029,0.005370165221393108,0.005253895651549101,0.008104121312499046,0.01726437360048294,0.01178131252527237,0.016441242769360542,0.02362491562962532,0.03179631382226944,0.025065012276172638,0.015569385141134262,0.009216955862939358,0.006865032948553562,0.004476471338421106,0.0050351060926914215,0.0074095577001571655,0.005947801750153303,0.0049768551252782345,0.005859669763594866,0.007390191312879324,0.008783183991909027,0.009667890146374702,0.007917399518191814,0.005487910937517881,0.003939107060432434,0.004154672380536795,0.005310452543199062,0.0042055449448525906,0.0031939700711518526,0.004163646604865789,0.005792844109237194,0.005891209002584219,0.004495212342590094,0.004164231009781361,0.0037168890703469515,0.0025472664274275303,0.0025371918454766273,0.0033555461559444666,0.0030183913186192513,0.0033332197926938534,0.003649130230769515,0.0034858284052461386,0.0035356401931494474,0.003231559880077839,0.001987313386052847,0.000557433464564383,3.704313712660223e-05,22.953811102746645,20.253524872390024,22.41913789988597,20.295888232447965,21.863809440181416,21.83792075958763,33.75458050725563,0.036479953654521835,0.0035851574120422483,0.05101707169033938,-0.003287826717059156,0.0028541440975805724,-0.004010786476314655
-142.58055114746094,103.91839599609375,-6.8117828369140625,17.46634864807129,-0.01770523563027382,6.124131679534912,-4.314270973205566,6.389430046081543,-3.4316701889038086,4.824481010437012,-5.918224811553955,-1.6140880584716797,-3.3171262741088867,2.884359359741211,-1.0476653575897217,-0.0642436221241951,-6.097723007202148,-0.6792137622833252,-3.9205617904663086,-0.8476227521896362,-3.3004119396209717,0.8200141191482544,-1.6687372922897339,3.647813081741333,-3.7078378200531006,0.5367080569267273,0.007790353614836931,0.7740059494972229,-2.6461262702941895,4.323168754577637,0.8656231760978699,-0.42417824268341064,-5.163865089416504,-2.125589370727539,-2.5750253200531006,0.4247005879878998,-0.6757616400718689,1.6471322774887085,-1.7778515815734863,-0.2600952684879303,0.5898088812828064,0.4708690345287323,0.5423772931098938,0.41229361295700073,0.42454203963279724,0.5527211427688599,0.4757245182991028,0.5340772271156311,0.4567004144191742,0.5560900568962097,0.6250962018966675,0.4753945767879486,4.232172966003418,33.75141525268555,65.81575775146484,38.79914855957031,18.947477340698242,13.177927017211914,16.63304328918457,27.31715202331543,30.759920120239258,32.25929641723633,20.014923095703125,9.513360023498535,10.230953216552734,12.310615539550781,16.843048095703125,7.965062618255615,10.871530532836914,24.087190628051758,12.66480541229248,24.98960304260254,22.505813598632812,18.246923446655273,24.641145706176758,6.073491096496582,3.905877113342285,5.876185894012451,17.83922576904297,13.786944389343262,7.598485469818115,16.324235916137695,14.145943641662598,7.03004789352417,8.2988862991333,15.690587043762207,9.702962875366211,11.802980422973633,7.627264976501465,4.236259937286377,3.5881965160369873,11.414159774780273,10.223796844482422,3.512585401535034,3.126502752304077,7.29339599609375,10.2775297164917,3.241694688796997,2.5035791397094727,2.4836068153381348,4.025417804718018,2.3124265670776367,3.4394588470458984,4.4705681800842285,3.539729595184326,3.280130624771118,7.631359577178955,7.282059669494629,1.8637657165527344,1.6061869859695435,1.9893207550048828,3.8369836807250977,2.0767083168029785,2.209268808364868,1.8675572872161865,1.6114906072616577,1.4337936639785767,2.1099438667297363,1.8451485633850098,0.767930805683136,0.6521353125572205,1.1691681146621704,1.8838140964508057,0.5654264688491821,0.41787615418434143,0.4868970513343811,0.9112008810043335,0.7134572267532349,0.7781351208686829,0.9752913117408752,0.7614232301712036,0.42721834778785706,0.5187869071960449,0.6195590496063232,0.2656702697277069,0.21249841153621674,0.23488374054431915,0.37866732478141785,0.2918466031551361,0.4410269260406494,0.3656246066093445,0.3207987844944,0.22036480903625488,0.23250824213027954,0.2693273425102234,0.2516273558139801,0.23564362525939941,0.20183691382408142,0.1845701038837433,0.17211122810840607,0.15910406410694122,0.1434350311756134,0.16829508543014526,0.14150837063789368,0.13439029455184937,0.13199350237846375,0.1136208176612854,0.13291649520397186,0.11373323202133179,0.12543925642967224,0.11357579380273819,0.1160263940691948,0.08866314589977264,0.09759759902954102,0.08131388574838638,0.07852072268724442,0.0721912607550621,0.06107360124588013,0.05203135311603546,0.050487928092479706,0.048574917018413544,0.045903902500867844,0.04324369505047798,0.03295333683490753,0.02776649221777916,0.025087255984544754,0.025532491505146027,0.018657758831977844,0.0053970967419445515,0.000353245937731117,23.118195549320514,19.507496658562964,22.312848903017585,22.36650158429756,22.4298553794679,20.295038749040348,34.43627800329286,-0.004219063543192799,0.02431859926340575,-0.009497172079465262,-0.05591634798476314,0.008011515707477948,0.000821910567993052
-158.5382537841797,140.1430206298828,6.04708194732666,24.296611785888672,-1.7762866020202637,9.696110725402832,-5.42443323135376,-7.8419508934021,-14.12478256225586,-8.319271087646484,-13.252572059631348,-1.577744483947754,-3.1763176918029785,-6.442184925079346,-4.652044296264648,-2.6521382331848145,-3.479344606399536,-4.499895095825195,-2.8953545093536377,-3.7620320320129395,-8.276274681091309,5.593371391296387,-0.6100887060165405,0.36939796805381775,0.05823315680027008,-2.7493736743927,-4.682276725769043,-1.1786973476409912,-5.162971496582031,-1.697503685951233,-3.659724235534668,1.144343376159668,0.26404133439064026,7.282138824462891,6.095236301422119,7.490366458892822,1.684486746788025,1.3288705348968506,-2.4789819717407227,0.4975878596305847,0.41752058267593384,0.4711061418056488,0.7074753642082214,0.4109290838241577,0.34885138273239136,0.354618638753891,0.588912844657898,0.7683331966400146,0.4684753715991974,0.4107140302658081,0.3537408113479614,0.46570929884910583,2.7255067825317383,1.2504462003707886,1.2717630863189697,6.1478095054626465,13.841812133789062,8.602921485900879,38.0141716003418,97.73204803466797,26.982431411743164,58.6905632019043,70.7423324584961,67.6482925415039,29.48406219482422,38.07972717285156,116.43904876708984,78.5910415649414,23.13863754272461,13.985637664794922,24.634624481201172,43.15403747558594,30.016151428222656,13.174201965332031,39.40195846557617,20.947294235229492,7.531054496765137,5.200909614562988,2.116594076156616,2.413076400756836,3.0166189670562744,1.8541439771652222,3.2940495014190674,1.0131655931472778,0.8674555420875549,2.3651018142700195,2.9521067142486572,1.5990948677062988,0.9912639856338501,1.0302375555038452,2.4949564933776855,2.7792232036590576,1.5635563135147095,1.1572211980819702,2.61954665184021,2.8537864685058594,3.9191672801971436,3.361905574798584,1.9297912120819092,1.142605185508728,0.7751491665840149,0.9888432025909424,0.5016375184059143,0.431932657957077,0.4932633638381958,0.5394809246063232,0.34152454137802124,0.2507267892360687,0.4253714084625244,0.2579832673072815,0.23903994262218475,0.24527692794799805,0.2248421013355255,0.1986192911863327,0.20239901542663574,0.14034134149551392,0.2031806856393814,0.19911369681358337,0.13905568420886993,0.09418995678424835,0.16726166009902954,0.0885188952088356,0.07598640769720078,0.09743985533714294,0.09782159328460693,0.08815046399831772,0.07343799620866776,0.05800681188702583,0.03491511195898056,0.02950931154191494,0.0259354580193758,0.03946942463517189,0.055853039026260376,0.04996734485030174,0.08132932335138321,0.12126915156841278,0.1524375081062317,0.12541493773460388,0.11264031380414963,0.07132188230752945,0.038151778280735016,0.017297495156526566,0.014685400761663914,0.0189558994024992,0.017491692677140236,0.02301708050072193,0.03302346169948578,0.041888102889060974,0.05093439668416977,0.04693617299199104,0.03812729939818382,0.0297915767878294,0.02180282585322857,0.015577876009047031,0.01349421963095665,0.009945744648575783,0.009422083385288715,0.00933366734534502,0.00946408323943615,0.010252661071717739,0.01112106442451477,0.009908368811011314,0.00867806188762188,0.007872054353356361,0.005571332294493914,0.004298356827348471,0.004072556737810373,0.0037366896867752075,0.0038374061696231365,0.004116738680750132,0.004336309619247913,0.00374604226090014,0.003606614423915744,0.003668263554573059,0.0036061136052012444,0.003491561161354184,0.004104109480977058,0.003972182981669903,0.0017971157794818282,0.00017839876818470657,15.942411600642941,18.205009689177043,23.46702043414209,19.210905687354813,18.69037908298162,18.857696067022626,32.06921239197234,0.031227761992570942,0.016574591184670945,0.136965568145206,-0.08205078240734812,0.010017921226120255,-0.015869012329500345
-135.5127716064453,109.37841033935547,12.368792533874512,22.597728729248047,13.687766075134277,11.245713233947754,0.23777511715888977,3.273571252822876,-4.448055267333984,4.634767532348633,0.4294576644897461,3.4314382076263428,-5.719741344451904,-0.08585643768310547,-4.075750827789307,0.6303780674934387,-4.840732097625732,0.7735437750816345,-2.840087652206421,-0.14487610757350922,-5.700074195861816,-2.5815958976745605,-4.215814590454102,-0.44639500975608826,-3.358635902404785,1.9820802211761475,-0.8597604632377625,3.276289463043213,0.742863655090332,2.502784013748169,-7.487297534942627,-3.2484121322631836,-4.12260103225708,3.619537353515625,1.652208924293518,4.427577018737793,-1.7995920181274414,-2.3505403995513916,-5.868160247802734,-0.30425727367401123,0.5206151604652405,0.4704241156578064,0.6382002830505371,0.46751976013183594,0.4620985686779022,0.42375698685646057,0.5461268424987793,0.8012543320655823,0.5149920582771301,0.4774629473686218,0.43256133794784546,0.6135047078132629,29.134422302246094,137.2272186279297,100.48091888427734,104.13104248046875,76.92869567871094,31.906597137451172,47.295074462890625,73.41122436523438,30.189476013183594,31.693967819213867,32.01602554321289,21.463653564453125,10.997501373291016,4.862415313720703,24.0922794342041,10.924603462219238,6.765295028686523,4.286061763763428,20.9195556640625,17.257396697998047,6.462639331817627,9.8729887008667,21.63618278503418,2.897343635559082,8.17294692993164,10.295687675476074,1.619162917137146,2.645368814468384,3.975569486618042,7.465997219085693,6.637449741363525,0.6530768275260925,1.1570252180099487,4.970088005065918,1.9489562511444092,0.42157623171806335,0.558289647102356,3.6606650352478027,1.9458353519439697,0.693469762802124,0.7531439661979675,2.038043260574341,2.277634382247925,1.647185206413269,3.3590595722198486,1.2150152921676636,1.1606652736663818,0.7271484136581421,3.23343563079834,1.5137310028076172,1.3303076028823853,0.8684105277061462,2.78908371925354,1.6828701496124268,1.5350769758224487,3.171848773956299,0.5831831693649292,0.4554699659347534,0.8522402048110962,1.3435107469558716,0.5253819227218628,0.3827836513519287,0.21337611973285675,0.4973403811454773,0.4107478857040405,0.3412776291370392,0.31320685148239136,0.3289397656917572,0.2791055142879486,0.25865527987480164,0.7381533980369568,0.39452484250068665,0.3119003176689148,0.25909751653671265,0.36023709177970886,0.3189312517642975,0.20345953106880188,0.17398665845394135,0.31948262453079224,0.27313029766082764,0.1616431623697281,0.21205639839172363,0.17421135306358337,0.11532903462648392,0.1023905798792839,0.1510128229856491,0.1309477984905243,0.1434735804796219,0.12651968002319336,0.1244889348745346,0.126835435628891,0.14115600287914276,0.11123865842819214,0.08599301427602768,0.07163288444280624,0.07279399782419205,0.07641025632619858,0.06562887877225876,0.08038929849863052,0.06531880795955658,0.06392622739076614,0.06336240470409393,0.06770484894514084,0.06131533905863762,0.05694517865777016,0.05264238268136978,0.049875929951667786,0.049183666706085205,0.04116678610444069,0.04497089236974716,0.04975394532084465,0.04033176600933075,0.04970682039856911,0.04565524682402611,0.048318006098270416,0.05391422659158707,0.06797052174806595,0.04530998691916466,0.040887489914894104,0.04019523784518242,0.04194696992635727,0.04117841273546219,0.04263143241405487,0.04248655587434769,0.04015321657061577,0.02929840423166752,0.011316454038023949,0.0009900756413117051,20.580775070635987,17.97980942631277,20.761304970426355,20.16123614809459,19.963630318831964,18.273033506065993,31.299575118679947,0.02500937040773244,0.024728679783271933,0.1712421932788722,0.019988687304853238,0.013650644072467997,-0.01862590665617167
-306.9770812988281,132.38162231445312,1.166395902633667,29.58889389038086,6.682594299316406,11.999120712280273,-0.4460911452770233,5.672856330871582,-4.828474044799805,-2.1623363494873047,-0.8700914978981018,-0.5413991808891296,-1.7445176839828491,1.0618610382080078,-6.920228481292725,-2.7087225914001465,-4.658289432525635,-1.3973966836929321,-7.358347415924072,-6.921901226043701,-8.687097549438477,-4.415343284606934,-4.186429023742676,-2.2921879291534424,-3.78188419342041,-2.503671884536743,-4.039672374725342,-2.0528628826141357,-6.279279708862305,-9.308380126953125,-7.613133430480957,-4.464453220367432,-5.869286060333252,-0.993342936038971,-0.952190101146698,2.057727336883545,-4.306161403656006,-4.120290279388428,-4.956036567687988,-0.9968096613883972,0.5696526765823364,0.40389832854270935,0.5605409145355225,0.6159213781356812,0.4628872871398926,0.5052520632743835,0.42036160826683044,0.5502648949623108,0.526907742023468,0.4784064292907715,0.4668959975242615,0.41019758582115173,0.026100125163793564,0.050464238971471786,3.377786159515381,8.92413330078125,5.0020222663879395,5.902092933654785,4.071012020111084,2.660057544708252,0.749468982219696,1.283403754234314,0.5328632593154907,1.011226773262024,0.8725078701972961,0.7065262794494629,1.41073739528656,1.1660726070404053,0.24297626316547394,0.4657905399799347,0.4240868389606476,1.659893274307251,0.6114974021911621,1.9610042572021484,2.055882692337036,1.3855758905410767,0.16044501960277557,0.48274439573287964,0.771681547164917,0.25594791769981384,0.7008804678916931,1.4406126737594604,0.3604567348957062,0.19927014410495758,0.1751227229833603,0.16944782435894012,0.3015190362930298,0.4808952510356903,0.3498166799545288,0.22565601766109467,0.41395750641822815,0.567577600479126,0.1309187114238739,0.07437830418348312,0.06497657299041748,0.26450449228286743,0.1872321218252182,0.285407692193985,0.34387752413749695,0.18674995005130768,0.13049019873142242,0.20009179413318634,0.20980603992938995,0.09584762901067734,0.05405268445611,0.06416841596364975,0.20163631439208984,0.09702575206756592,0.10341757535934448,0.052268434315919876,0.11576969176530838,0.14055663347244263,0.08824136853218079,0.03765926882624626,0.03444197028875351,0.04163329303264618,0.052786149084568024,0.07847611606121063,0.030354220420122147,0.0315050445497036,0.03192548453807831,0.03932293504476547,0.03677929565310478,0.025266217067837715,0.030323944985866547,0.049474459141492844,0.04776884242892265,0.04555414989590645,0.043054282665252686,0.03435743600130081,0.01619734615087509,0.011158124543726444,0.017927953973412514,0.011037887074053288,0.013634542003273964,0.008357473649084568,0.006355389021337032,0.00379912368953228,0.0023423577658832073,0.0059731751680374146,0.0035373202990740538,0.0023109768517315388,0.0018576005240902305,0.0030091528315097094,0.0045843059197068214,0.004553203471004963,0.0041458155028522015,0.002562290756031871,0.002942429855465889,0.00279494421556592,0.0036479646805673838,0.004349312745034695,0.003412411781027913,0.005005307029932737,0.0028155033942312002,0.003537185722962022,0.00345107214525342,0.002313188510015607,0.002207979327067733,0.002047800226137042,0.0021848916076123714,0.0022709807381033897,0.002120746299624443,0.001960083842277527,0.0015867395559325814,0.0014232725370675325,0.0015828290488570929,0.0016141411615535617,0.001544316066429019,0.0014167630579322577,0.0012630487326532602,0.0013775572879239917,0.001090348931029439,0.0010416314471513033,0.0009627027320675552,0.0008157420088537037,0.0006193291046656668,0.0003161508066114038,9.171951387543231e-05,6.200034022185719e-06,22.86236817377336,19.977104909811523,23.367852458764144,22.50043300307257,23.83959713310506,22.188707873094994,34.28282867431619,-0.008572060749016099,0.01739549347817033,0.058895440029454425,-0.003908989357761635,1.67487897024076e-05,0.0032981599847259854
-266.2113952636719,133.5963134765625,37.70517349243164,26.653200149536133,17.927433013916016,7.968801021575928,3.7475743293762207,4.814464569091797,-1.8013296127319336,3.2396812438964844,-8.328042984008789,-0.588126003742218,-6.3009843826293945,-6.955613136291504,-13.60838794708252,-9.484238624572754,-11.691161155700684,-6.561056137084961,-16.353260040283203,-10.609522819519043,-12.240933418273926,-5.792934894561768,-5.903187274932861,0.3397975265979767,2.593358278274536,0.8273476958274841,-4.299813747406006,-4.789167881011963,-9.56126880645752,-0.39474859833717346,0.13363271951675415,0.15964959561824799,-3.2730515003204346,-4.3999857902526855,-8.147156715393066,-4.724936485290527,-5.030453681945801,-4.118332386016846,-5.307492733001709,-2.6340384483337402,0.4745863378047943,0.6642904281616211,0.5395045280456543,0.4035591185092926,0.49088287353515625,0.4048265516757965,0.46205171942710876,0.4085277020931244,0.5404744148254395,0.7405688762664795,0.5480368733406067,0.4701230823993683,0.019025325775146484,0.8331679701805115,14.355852127075195,61.50889205932617,46.09782028198242,48.914772033691406,45.76691436767578,55.52613067626953,63.756587982177734,51.09660339355469,58.100399017333984,25.021724700927734,28.74724578857422,9.09467887878418,4.560949325561523,2.6415793895721436,7.851830005645752,2.2953476905822754,5.136933326721191,3.0175819396972656,9.208797454833984,8.976999282836914,6.193304538726807,1.7248550653457642,9.771595001220703,8.86694049835205,0.9662697315216064,3.326857328414917,2.682931900024414,1.127687931060791,1.7526484727859497,2.663555383682251,1.8871777057647705,2.647141218185425,0.6864969730377197,0.22784987092018127,0.372662216424942,1.166593313217163,0.41670161485671997,0.09689956158399582,0.23154738545417786,0.9938668608665466,0.43698665499687195,0.37062451243400574,0.2947690188884735,0.27167415618896484,0.25281187891960144,0.15218383073806763,0.405137836933136,0.31009939312934875,0.24331378936767578,0.09053923934698105,0.15926624834537506,0.1105971708893776,0.07647773623466492,0.08528950810432434,0.39818069338798523,0.3569820523262024,0.20151063799858093,0.22220098972320557,0.06301037222146988,0.05990655720233917,0.24733513593673706,0.2546045780181885,0.12774379551410675,0.09503510594367981,0.031857676804065704,0.08436118066310883,0.06344814598560333,0.09342743456363678,0.06258091330528259,0.05076994001865387,0.05406133458018303,0.026139643043279648,0.07724325358867645,0.05328260734677315,0.0575358010828495,0.028240680694580078,0.04962346330285072,0.03505183756351471,0.014319204725325108,0.010344804264605045,0.010728089138865471,0.007465200498700142,0.003692865138873458,0.00728653185069561,0.00830872729420662,0.005869413260370493,0.00475743692368269,0.005722466390579939,0.005930242128670216,0.00787575077265501,0.008953963406383991,0.011060884222388268,0.013944032602012157,0.01177918165922165,0.007716539315879345,0.009817088022828102,0.010019201785326004,0.009645183570683002,0.007393658626824617,0.005851335823535919,0.005959661677479744,0.005578374024480581,0.006229818798601627,0.009369935840368271,0.011043502949178219,0.010596641339361668,0.008521257899701595,0.007723532151430845,0.008968479000031948,0.0096582705155015,0.010526240803301334,0.009873033501207829,0.011999973095953465,0.012088356539607048,0.01308027096092701,0.014517169445753098,0.011915262788534164,0.010787961073219776,0.01060393825173378,0.010401368141174316,0.009443959221243858,0.00877606961876154,0.007158259861171246,0.004568285308778286,0.001348204561509192,0.00010025950177805498,34.131249778740134,21.11436786173366,20.676839557016375,20.967926416463047,20.142969975407816,18.793065769685303,31.355628712031116,0.01609086457593641,-0.016482028989998152,-0.06766274187513457,-0.020642472273275866,-0.0002950713798551764,0.008466831363390348
-239.29351806640625,123.22016143798828,25.5587215423584,41.660850524902344,14.592625617980957,8.404170036315918,6.874607563018799,4.045342922210693,-1.6155638694763184,-2.3763952255249023,-6.9666290283203125,-8.254363059997559,-4.222653865814209,-6.660083293914795,-8.926990509033203,-10.278735160827637,-9.488548278808594,-3.357011318206787,-4.987878799438477,-2.658388376235962,-7.703442573547363,-5.619427680969238,-9.096362113952637,-2.0970826148986816,-1.7171322107315063,3.660130023956299,-2.556858539581299,-5.536209583282471,-10.212759017944336,-3.948640823364258,-0.9459275007247925,0.014102750457823277,-6.658513069152832,-5.1853837966918945,-3.4172592163085938,1.8995708227157593,1.0434788465499878,-1.3648755550384521,-3.019845724105835,-1.8553290367126465,0.5321369767189026,0.7517967224121094,0.5096567869186401,0.4312668442726135,0.37357383966445923,0.49256452918052673,0.4867715537548065,0.4477122128009796,0.6057482957839966,0.45664530992507935,0.44756102561950684,0.39234358072280884,0.23693838715553284,44.379886627197266,124.1979751586914,37.56805419921875,88.64985656738281,93.47359466552734,43.955291748046875,107.62078857421875,59.471466064453125,30.178993225097656,38.95367431640625,10.096735000610352,8.540510177612305,16.07253646850586,9.04575252532959,16.333560943603516,8.515986442565918,4.442172050476074,2.166795253753662,1.5571179389953613,7.8814826011657715,11.70637321472168,2.662415027618408,8.124879837036133,5.359733581542969,4.481311321258545,10.179439544677734,5.680873394012451,4.956552505493164,1.866484522819519,2.8534390926361084,13.169310569763184,6.396778106689453,1.3843356370925903,2.2932755947113037,3.3441340923309326,1.6771771907806396,0.3697270154953003,0.5096668601036072,1.7269349098205566,1.3942253589630127,1.0986206531524658,2.179675340652466,0.8448627591133118,0.4857909679412842,0.2611767649650574,0.4495178759098053,0.2425975352525711,0.15804944932460785,0.2656348943710327,0.646455705165863,0.6333851218223572,0.3565845489501953,0.2826618254184723,0.1824074536561966,0.28507500886917114,0.38218653202056885,1.221327304840088,0.5416989922523499,0.17765207588672638,0.12250277400016785,0.2248133271932602,0.2965672016143799,0.2995009124279022,0.08943281322717667,0.09587469696998596,0.12069868296384811,0.1134185642004013,0.2404349148273468,0.08754853159189224,0.05395931005477905,0.04958338662981987,0.09013410657644272,0.11013283580541611,0.08427392691373825,0.0964241549372673,0.18313433229923248,0.22373461723327637,0.18662558495998383,0.17631885409355164,0.17935535311698914,0.13063636422157288,0.08632009476423264,0.08863449841737747,0.05678456276655197,0.03909498080611229,0.04483642429113388,0.045796286314725876,0.0384368896484375,0.047154754400253296,0.04380791634321213,0.06400319188833237,0.08538034558296204,0.07165220379829407,0.05112704634666443,0.03559611737728119,0.03502953052520752,0.031381476670503616,0.028743717819452286,0.044198982417583466,0.06310991197824478,0.05918843299150467,0.05467492714524269,0.06784091144800186,0.08387814462184906,0.07474596053361893,0.05007630214095116,0.02732820063829422,0.019177095964550972,0.01931825280189514,0.02249837853014469,0.01892714761197567,0.016171719878911972,0.013568684458732605,0.012139660306274891,0.012248801998794079,0.01201705913990736,0.009946150705218315,0.009171201847493649,0.012921370565891266,0.01660296507179737,0.018238624557852745,0.017836110666394234,0.01852205954492092,0.015977192670106888,0.009852388873696327,0.0028923575300723314,0.0002577131672296673,28.814305199936687,20.762201108780122,22.332638630781066,22.13265621438373,21.365764663024986,21.57452814896119,32.44880282928404,-0.031503595163328596,-0.0193695727633292,-0.15248910384357592,0.009481322208329328,0.021649414393654375,-0.012534706936781234
-104.66592407226562,117.88127136230469,9.622064590454102,18.706226348876953,8.828036308288574,4.405237197875977,6.7430739402771,4.327561855316162,3.676236152648926,3.355745315551758,-6.835873126983643,0.24254904687404633,-5.840335845947266,2.5284483432769775,-3.0608394145965576,1.966780424118042,-0.4418318569660187,1.1485302448272705,-3.836599826812744,2.9781882762908936,-3.4228875637054443,0.6123479604721069,-4.7671051025390625,-1.139249324798584,-4.858539581298828,5.11973237991333,-2.615102529525757,3.6253933906555176,-1.6546125411987305,4.230499744415283,-0.2043316811323166,5.186758995056152,-2.4057977199554443,-0.6177085041999817,-5.940443515777588,0.17391981184482574,-1.1049219369888306,2.534369945526123,-1.0403587818145752,1.4874024391174316,0.712048351764679,0.5071578025817871,0.531243085861206,0.4235072731971741,0.5628979206085205,0.6487900614738464,0.49241119623184204,0.6526042222976685,0.5277158617973328,0.6924498677253723,0.653790295124054,0.5611286759376526,36.277992248535156,206.60821533203125,123.47606658935547,85.12364959716797,68.3828125,39.33877944946289,82.18418884277344,69.80870819091797,64.6165542602539,71.84429168701172,29.546178817749023,15.51539134979248,45.306434631347656,31.54552459716797,31.95484161376953,14.083758354187012,28.159427642822266,24.684017181396484,6.889019012451172,25.956758499145508,13.968345642089844,2.871931791305542,6.076704025268555,1.5879292488098145,6.286478519439697,12.642501831054688,26.59674644470215,8.517857551574707,2.569131851196289,24.91611099243164,21.01969337463379,4.6814494132995605,5.624243259429932,17.806310653686523,10.393166542053223,17.414669036865234,6.360814094543457,3.7973341941833496,3.275167465209961,10.865103721618652,10.513678550720215,2.1953506469726562,1.4260121583938599,3.695990800857544,7.298519134521484,2.0818779468536377,0.6730422973632812,0.7548150420188904,4.030912399291992,2.4058938026428223,3.311312198638916,2.242866277694702,0.5681209564208984,0.5007340312004089,1.924437403678894,3.2549149990081787,1.0097366571426392,0.7422206401824951,1.0566564798355103,2.448793888092041,0.9819698333740234,1.4185341596603394,0.8115377426147461,1.241738200187683,0.8408640027046204,0.7469722032546997,0.7869218587875366,0.38697636127471924,0.3860534727573395,0.38869941234588623,0.7270451784133911,0.4381427466869354,0.2849213182926178,0.22620180249214172,0.5646967887878418,0.4294452369213104,0.28722432255744934,0.27023619413375854,0.25193265080451965,0.2062164545059204,0.3983655273914337,0.5412266850471497,0.23301489651203156,0.177963986992836,0.18999914824962616,0.31801679730415344,0.1704932004213333,0.11854871362447739,0.12713512778282166,0.19030387699604034,0.13137193024158478,0.12370659410953522,0.1975034922361374,0.16616174578666687,0.10437346249818802,0.08090515434741974,0.08121014386415482,0.05291448161005974,0.047188881784677505,0.05155379697680473,0.039808500558137894,0.03705138713121414,0.034433603286743164,0.04043736681342125,0.038055721670389175,0.038636092096567154,0.039988093078136444,0.040820617228746414,0.044204019010066986,0.048053301870822906,0.046713054180145264,0.05397247150540352,0.05862512066960335,0.06980537623167038,0.06885474175214767,0.0699407085776329,0.06929029524326324,0.07135728746652603,0.0734672099351883,0.07812861353158951,0.07649460434913635,0.08153866231441498,0.09863460063934326,0.09857355803251266,0.08225550502538681,0.05359802022576332,0.015340201556682587,0.0010558305075392127,26.437968185721623,16.089721143284297,19.217877665960923,19.082614296729513,18.27594427331363,18.107296899709226,31.955217292373113,0.010349379532955678,0.038820592337818684,-0.02709120334807288,0.019163673690016394,0.008908969352735522,-0.0038651280972814956
-117.20677947998047,112.49893951416016,-11.43551254272461,25.363609313964844,4.221704483032227,7.159242153167725,3.4100961685180664,-2.495450496673584,1.4891161918640137,-2.0594451427459717,-12.09621524810791,-4.9351325035095215,-9.270364761352539,-0.2899618446826935,-7.487757682800293,-2.6338300704956055,-10.836955070495605,-1.5539731979370117,-4.0756964683532715,0.3536175489425659,-7.04378604888916,-1.487356185913086,-3.2784838676452637,-0.4281671643257141,-2.2239675521850586,1.1540971994400024,-5.087586402893066,-1.5878002643585205,-8.540014266967773,-3.504249334335327,-3.118255615234375,2.995270252227783,-2.762824058532715,-1.6593811511993408,-4.355081558227539,0.874928891658783,-3.4621641635894775,-1.6281501054763794,-1.4838653802871704,4.3373122215271,0.607570469379425,0.6201679110527039,0.4568803310394287,0.5458410978317261,0.4199359118938446,0.590305507183075,0.5210193991661072,0.5153323411941528,0.6449654698371887,0.5179253816604614,0.5955603718757629,0.4159000813961029,0.5015851259231567,0.46524080634117126,23.06380271911621,50.107139587402344,13.903387069702148,21.000268936157227,52.58987045288086,47.363548278808594,34.40433883666992,18.80013656616211,30.90911293029785,29.134994506835938,23.024456024169922,25.12297821044922,15.819879531860352,22.967199325561523,9.663269996643066,13.215481758117676,3.5243639945983887,4.560934543609619,10.144872665405273,9.423046112060547,5.591200828552246,24.936691284179688,13.706215858459473,7.4389119148254395,18.84842872619629,7.516931533813477,2.4705464839935303,2.552757501602173,6.5381760597229,27.91748046875,12.957220077514648,2.874432325363159,6.418184757232666,26.948827743530273,14.170777320861816,5.360217094421387,3.9759578704833984,15.280240058898926,14.746012687683105,6.249100685119629,7.24351167678833,2.1320271492004395,1.9607969522476196,2.3205695152282715,4.620413780212402,1.2618231773376465,0.5841129422187805,0.558983564376831,2.799994468688965,1.7930288314819336,0.9008817076683044,1.0044547319412231,1.8009889125823975,2.0709667205810547,1.8605880737304688,4.519308090209961,1.706050992012024,1.627608060836792,0.7314674258232117,1.1401963233947754,0.738032877445221,0.695832371711731,0.2576979100704193,0.970790684223175,0.9934436082839966,0.6216525435447693,0.6617375016212463,0.36265480518341064,0.300333708524704,0.32237961888313293,1.034347653388977,0.44342172145843506,0.20913605391979218,0.14878448843955994,0.3835807144641876,0.3603236973285675,0.22012561559677124,0.20112095773220062,0.32276827096939087,0.2793947756290436,0.20172680914402008,0.3352092206478119,0.3054181933403015,0.3381825387477875,0.2014918029308319,0.27446848154067993,0.18671485781669617,0.11977392435073853,0.11471749097108841,0.19067546725273132,0.21282194554805756,0.15886913239955902,0.16332872211933136,0.15798573195934296,0.15112745761871338,0.12710678577423096,0.11470265686511993,0.08289682865142822,0.07356885075569153,0.06886430829763412,0.07575166970491409,0.09073259681463242,0.10442572832107544,0.1156296506524086,0.10922305285930634,0.09182963520288467,0.07837184518575668,0.07103987783193588,0.0814087837934494,0.08678992092609406,0.08384115248918533,0.07609227299690247,0.06070409342646599,0.058049529790878296,0.060715626925230026,0.05706499144434929,0.0564613863825798,0.06600986421108246,0.07649368047714233,0.07849469035863876,0.05808328464627266,0.043719034641981125,0.05288102477788925,0.047729261219501495,0.018019214272499084,0.0015560286119580269,19.216166669857955,18.714937279276953,21.56467344139269,21.904426030548954,20.854084391563177,22.195640822843583,32.730885340904614,-0.03390891682194833,0.000267891872488487,-0.04934998704607503,-0.022853288188512424,0.002130866074682993,0.004124371064559709
-182.8737335205078,109.08099365234375,3.5696661472320557,22.511146545410156,-0.11652589589357376,-10.412034034729004,-22.17136001586914,-20.637012481689453,-25.615739822387695,-9.249924659729004,-19.2582950592041,-2.869842529296875,-7.797983169555664,-0.4806068539619446,3.1627652645111084,1.6851975917816162,2.2405099868774414,7.848750591278076,-5.471456050872803,-3.4726710319519043,-4.9328436851501465,-0.07881366461515427,-5.707906246185303,-0.05040527880191803,-3.9249606132507324,-2.1761884689331055,-5.4988603591918945,-2.35467529296875,-1.575529932975769,2.8905766010284424,-2.3603765964508057,-0.3289791941642761,2.100217580795288,9.095137596130371,5.936433792114258,3.2164113521575928,-1.3285472393035889,2.0088725090026855,-5.245246887207031,-2.8187644481658936,0.32328128814697266,0.2672531306743622,0.4177417457103729,0.4758438169956207,0.3111061453819275,0.3459751009941101,0.34862712025642395,0.6155084371566772,0.51800936460495,0.40236982703208923,0.6560059785842896,0.4112737774848938,0.26494091749191284,0.6186176538467407,0.34973639249801636,0.9936495423316956,4.584449768066406,18.00403594970703,38.01243209838867,44.8643798828125,33.2030029296875,18.23948097229004,13.134714126586914,54.121639251708984,26.509366989135742,28.283714294433594,117.42623901367188,138.1346435546875,48.778934478759766,137.47193908691406,80.898681640625,19.628267288208008,18.398439407348633,9.21384334564209,25.094985961914062,16.068281173706055,6.4587554931640625,1.8128489255905151,8.036646842956543,4.671951770782471,0.9446208477020264,4.988776683807373,6.210192680358887,2.3214077949523926,2.018855571746826,2.0619444847106934,1.2115821838378906,2.4433507919311523,1.8098491430282593,1.232986330986023,0.7305060625076294,1.244785189628601,1.6040297746658325,0.47983211278915405,0.2733924388885498,0.9341033101081848,1.4210926294326782,0.6279734373092651,1.054067611694336,0.48100918531417847,0.3950372636318207,0.4699031710624695,0.726950466632843,0.826580286026001,0.5773114562034607,0.31095588207244873,0.5017918944358826,1.0423763990402222,0.4629703164100647,0.5125085115432739,0.2986263930797577,0.5442066192626953,0.48529449105262756,0.6047224998474121,0.6602090001106262,0.45143234729766846,0.35256046056747437,0.24296650290489197,0.4922010898590088,0.46735265851020813,0.2393966168165207,0.2608332931995392,0.650565505027771,0.3609253764152527,0.3087506592273712,0.37482407689094543,0.4249378740787506,0.32377341389656067,0.4203270971775055,0.3695111572742462,0.13871951401233673,0.07178029417991638,0.053787365555763245,0.07961433380842209,0.04658976569771767,0.045308902859687805,0.04426107183098793,0.04935566335916519,0.06353588402271271,0.08807823807001114,0.1583169549703598,0.09145613014698029,0.07478068768978119,0.04280386492609978,0.0627298504114151,0.02913028560578823,0.021557020023465157,0.020095260813832283,0.031503450125455856,0.03250120207667351,0.027395393699407578,0.02901982143521309,0.031341228634119034,0.03295806422829628,0.026304909959435463,0.03299340233206749,0.041760656982660294,0.050528571009635925,0.0582103431224823,0.051586247980594635,0.04128861054778099,0.032235682010650635,0.03178030624985695,0.03314545378088951,0.029731405898928642,0.02741040103137493,0.025889473035931587,0.02437090501189232,0.021606169641017914,0.021275551989674568,0.021759072318673134,0.020967083051800728,0.01893833465874195,0.017176717519760132,0.016131937503814697,0.01509299036115408,0.013613429851830006,0.00981268659234047,0.00339633715339005,0.00025953081785701215,21.304590671572342,21.951686366020564,26.8026192189131,20.78266684782043,21.43629416331211,23.286992280520636,35.641215560752244,-0.027048808485839557,0.01944493009468444,0.13245912144090677,-0.04912206868729071,0.011980864885105903,-0.01792740298028275
-134.43057250976562,77.52657318115234,12.050254821777344,15.85855770111084,4.043787479400635,-8.093737602233887,4.0369343757629395,-7.6401543617248535,-6.395554065704346,3.337899684906006,-10.248393058776855,2.6960840225219727,-11.29393196105957,3.666529893875122,-8.473727226257324,-2.0066170692443848,-2.9003279209136963,-4.700546741485596,-5.174750804901123,-2.3073511123657227,-8.186836242675781,1.2049120664596558,-8.289093971252441,0.335735023021698,-8.258384704589844,-4.879606246948242,-5.0626702308654785,-2.007812738418579,-4.468695640563965,-2.5439705848693848,-5.256323337554932,1.2587298154830933,2.476393699645996,3.180123805999756,-5.231481075286865,-0.878377377986908,-9.615267753601074,-2.928685188293457,-2.4911551475524902,-0.00924531277269125,0.5289597511291504,0.5290210843086243,0.47642067074775696,0.6237115263938904,0.6511443853378296,0.456211656332016,0.5097126364707947,0.5171873569488525,0.6890319585800171,0.5961454510688782,0.5387064218521118,0.6010468602180481,6.440658092498779,56.91005325317383,88.00153350830078,65.09959411621094,29.565271377563477,12.227892875671387,19.666667938232422,20.38417625427246,12.453256607055664,8.422771453857422,5.592034816741943,8.39826488494873,14.702351570129395,6.396985054016113,6.277060031890869,14.14919376373291,9.45322036743164,4.152977466583252,9.711132049560547,6.081625938415527,6.622521877288818,5.945692539215088,2.567063570022583,14.310009002685547,14.200149536132812,17.050045013427734,1.9613051414489746,3.751816749572754,7.639381408691406,2.4408700466156006,3.021541118621826,13.620049476623535,9.03470516204834,7.805973052978516,4.533092498779297,3.0381226539611816,1.7162529230117798,5.21400260925293,5.255178928375244,3.108586072921753,1.213033676147461,1.412675380706787,1.9914993047714233,0.6080864071846008,0.5673155784606934,0.7973923087120056,2.9444243907928467,1.3360881805419922,1.8932127952575684,1.4374101161956787,0.4201916754245758,0.9207723736763,1.70058274269104,1.3545430898666382,0.5910977721214294,0.5170342326164246,0.8504581451416016,1.8872184753417969,0.874070942401886,0.49314528703689575,0.3656037151813507,0.7943538427352905,0.7901754379272461,0.666111171245575,1.235426664352417,0.7105374932289124,0.4796586036682129,0.4742373824119568,0.8840499520301819,0.4697430431842804,0.20919018983840942,0.21037276089191437,0.531721293926239,0.4184305965900421,0.25713860988616943,0.23547951877117157,0.23637478053569794,0.24425055086612701,0.3108590841293335,0.5509307980537415,0.5213969349861145,0.6747298240661621,0.3070274591445923,0.3136729300022125,0.23467613756656647,0.2421182096004486,0.221571683883667,0.30867093801498413,0.32791003584861755,0.2109682857990265,0.2347024828195572,0.1348467916250229,0.15611103177070618,0.156533882021904,0.1791667938232422,0.1639111191034317,0.17892499268054962,0.13425737619400024,0.1150064691901207,0.10201316326856613,0.09762237966060638,0.09557884186506271,0.08523569256067276,0.05476130172610283,0.04192095249891281,0.03266281262040138,0.029758837074041367,0.036483969539403915,0.06902046501636505,0.08054818958044052,0.09651602804660797,0.1054399311542511,0.10397664457559586,0.10192544013261795,0.10267956554889679,0.11376820504665375,0.15202294290065765,0.13603024184703827,0.15741464495658875,0.16969677805900574,0.15786157548427582,0.1274641752243042,0.11656741797924042,0.10135334730148315,0.09605081379413605,0.07937049865722656,0.02281433716416359,0.0019807552453130484,24.982046999019946,17.754240173488586,20.886993465611727,20.0574925113328,18.949805516202215,22.250743347775966,32.73466010921017,0.005653926664936479,-0.024500848323709374,0.0072027177817635644,0.11777098004381302,-0.0015505125265543353,0.0006450502302994465
